[
  {"pregunta":"🤔 Blanca por dentro, verde por fuera. Si quieres que te lo diga, espera.","respuesta":"pera"},
  {"pregunta":"🪙 Oro parece, plata no es. ¿Qué es?","respuesta":"plátano"},
  {"pregunta":"⏰ Tiene agujas pero no pincha, tiene números pero no suma. ¿Qué es?","respuesta":"reloj"},
  {"pregunta":"👣 Siempre está en el suelo pero nunca se ensucia. ¿Qué es?","respuesta":"sombra"},
  {"pregunta":"🗝️ Entre más le quitas, más grande se vuelve. ¿Qué es?","respuesta":"hueco"},
  {"pregunta":"🌧️ Siempre cae y nunca se rompe. ¿Qué es?","respuesta":"lluvia"},
  {"pregunta":"🚪 Se abre pero no tiene llave, y aunque lo cierres, siempre está ahí. ¿Qué es?","respuesta":"ojo"},
  {"pregunta":"🦶 Me ves una vez, me ves dos veces, pero nunca me verás caminar. ¿Qué soy?","respuesta":"sombra"},
  {"pregunta":"🍎 Tengo manzana pero no soy fruta. ¿Qué soy?","respuesta":"computadora"},
  {"pregunta":"💡 Cuanto más me quitas, más grande soy. ¿Qué soy?","respuesta":"hueco"},
  {"pregunta":"🌬️ No tengo boca pero hablo, no tengo alas pero vuelo. ¿Qué soy?","respuesta":"viento"},
  {"pregunta":"🎩 Siempre va vestido de negro pero nunca se ensucia. ¿Qué es?","respuesta":"pizarra"},
  {"pregunta":"🔒 Tengo llaves pero no puedo abrir puertas. ¿Qué soy?","respuesta":"piano"},
  {"pregunta":"🌙 ¿Qué cosa es que cuanto más se seca, más mojada está?","respuesta":"toalla"},
  {"pregunta":"🐝 ¿Qué es algo que tienes que romper antes de usarlo?","respuesta":"huevo"},
  {"pregunta":"🌲 Crezco sin vida y muero sin corazón. ¿Qué soy?","respuesta":"árbol de navidad"},
  {"pregunta":"🏃‍♂️ Cuanto más rápido corro, menos camino avanzo. ¿Qué soy?","respuesta":"reloj"},
  {"pregunta":"🖤 ¿Qué tiene corazón pero no late?","respuesta":"alcachofa"},
  {"pregunta":"🌉 ¿Qué puente no puedes cruzar?","respuesta":"puente de tu nariz"},
  {"pregunta":"🌵 Estoy lleno de agujas pero no pincho. ¿Qué soy?","respuesta":"reloj"},
  {"pregunta":"👁️‍🗨️ Me puedes ver pero no tocar, y nunca me atrapas. ¿Qué soy?","respuesta":"sombra"},
  {"pregunta":"🕯️ Soy alto cuando soy joven y bajo cuando soy viejo. ¿Qué soy?","respuesta":"vela"},
  {"pregunta":"🍞 ¿Qué sube y baja pero nunca se mueve?","respuesta":"escalera"},
  {"pregunta":"💧 Siempre va hacia arriba y nunca hacia abajo. ¿Qué es?","respuesta":"vapor"},
  {"pregunta":"👂 ¿Qué tiene orejas pero no puede oír?","respuesta":"maíz"},
  {"pregunta":"🦷 Cuanto más limpio, más pequeño. ¿Qué es?","respuesta":"jabón"},
  {"pregunta":"📚 ¿Qué puedes romper sin tocar?","respuesta":"promesa"},
  {"pregunta":"🍫 ¿Qué se vuelve más dulce cuanto más se le quita?","respuesta":"chocolate"},
  {"pregunta":"🦶 Camina sin patas y siempre sigue su camino. ¿Qué es?","respuesta":"río"},
  {"pregunta":"💀 No estoy vivo pero crezco. ¿Qué soy?","respuesta":"cristal"},
  {"pregunta":"🕸️ Tengo hilos pero no soy tela. ¿Qué soy?","respuesta":"telaraña"},
  {"pregunta":"📅 Nunca se detiene, pero siempre está presente. ¿Qué es?","respuesta":"tiempo"},
  {"pregunta":"🐦 Vuelo sin alas, lloro sin ojos. ¿Qué soy?","respuesta":"nube"},
  {"pregunta":"🔑 Siempre está contigo pero nunca la ves. ¿Qué es?","respuesta":"sombra"},
  {"pregunta":"⚙️ Tiene dientes pero no come. ¿Qué es?","respuesta":"engranaje"},
  {"pregunta":"🧊 Soy sólido y frío, pero me derrito con calor. ¿Qué soy?","respuesta":"hielo"},
  {"pregunta":"🌒 ¿Qué va hacia arriba pero nunca baja?","respuesta":"edad"},
  {"pregunta":"🔥 Cuanto más me apagas, más crezco. ¿Qué soy?","respuesta":"fuego"},
  {"pregunta":"📦 Cuanto más vacío, más pesado. ¿Qué es?","respuesta":"agujero"},
  {"pregunta":"💎 Tengo muchas caras pero no puedo ver. ¿Qué soy?","respuesta":"diamante"},
  {"pregunta":"🌊 Estoy siempre en movimiento pero nunca me canso. ¿Qué soy?","respuesta":"río"},
  {"pregunta":"🍳 ¿Qué se cocina sin fuego?","respuesta":"huevo"},
  {"pregunta":"🦋 Vuelo de día y de noche me escondo. ¿Qué soy?","respuesta":"mariposa"},
  {"pregunta":"🕰️ Avanzo sin moverme. ¿Qué soy?","respuesta":"reloj"},
  {"pregunta":"📖 Tengo páginas pero no soy libro. ¿Qué soy?","respuesta":"calendario"},
  {"pregunta":"🌬️ No me ves, pero me sientes. ¿Qué soy?","respuesta":"aire"},
  {"pregunta":"🎈 Cuanto más lleno, más liviano soy. ¿Qué soy?","respuesta":"globo"},
  {"pregunta":"🍁 Cambió de color pero no es un camaleón. ¿Qué es?","respuesta":"hoja"},
  {"pregunta":"⚡️ No tengo cuerpo pero puedo iluminar la noche. ¿Qué soy?","respuesta":"relámpago"}
]
