{"version":1,"hash":{"type":"Buffer","data":"j61XJ3LKeMGvdBDmUSEDJK3eAHrgureOJq46baNyE0MNdD4MbrMuCraTJl9dGiCs7qO5mNL/VoEnozri0aN7jaO661IwiG8ovf7aEFSHaI5n0vu9bBALSeQBZgwdbQdKO8lL7Jncja8zZ1unGrI3TfMeLsjrKXA35NJlCdrUeAE="},"indexValueMap":{"khBefdaAkYT/8VuF8ZaQTvHRTQWxlAc0QrfpExtzp20=":{"valueMac":{"type":"Buffer","data":"80Uxn5+4kXhRbZ5Li3vrEZYfH1/l2BviKabi+hhizz8="}},"VRautUQ2oT6eU42VLZK4b4CevqL7PExYJbUpvZqPNiU=":{"valueMac":{"type":"Buffer","data":"MIeSMp6yoRsZtdbXDV4DpjltmlwlacGQ2jP6JWh74wE="}},"WgMhreuFVPUND+2tVF4XQjUtxhAnFlIZJZKyqSWHn10=":{"valueMac":{"type":"Buffer","data":"da7cazclmeVDyfXAobkgIyks/LYS4IeyHQdoe2/omGg="}},"Wj91ls7W1xytzq5SWSyK7Q+0564+ofBXCS0zid0Pk2A=":{"valueMac":{"type":"Buffer","data":"UfYrztSBfdVh1kBi8rdqWHEqVQOuMZV39UCEX+4YLJg="}},"LHkdaHvBN1vcQwmNQeC2PyM0o4cJD3mh+GFQPzsSWqo=":{"valueMac":{"type":"Buffer","data":"vSM5LSUyokHoth7/Do74ZFbDcURSu2BVnq8RqCEKiPc="}},"CAQ5AQws47AxXx4tbxanhW0yRPqwMV7kCqy934n46hc=":{"valueMac":{"type":"Buffer","data":"T+U7yXUT/RWWiCqwlObeqHolG6bszuehfWwGnIZmGuU="}},"ZtVx0XpepUT+drjfOtsI4rVK+hqF4JJ7sgTY70EVpr0=":{"valueMac":{"type":"Buffer","data":"ROSwit/UPijnSNsTIBFMNc6NBFwaqR8n2olUx938LRw="}}}}