{"noiseKey":{"private":{"type":"Buffer","data":"EKuN/JYLjRwhEpkC9jYsseg3RvkfJtHoxkQCAhftZ2k="},"public":{"type":"Buffer","data":"j6ENEe7DNKFWOLKLCX96LnVSHZNXUokfFs2mFhQQWQ8="}},"pairingEphemeralKeyPair":{"private":{"type":"Buffer","data":"qP9uQSNI+jDjnM9d/VSZ7ubcGfVyBh71reXZ1R3pyUI="},"public":{"type":"Buffer","data":"ywpAQV/65Yc7gpE+UTFB1c/9arZDv9Dm7JCD/ukwgjk="}},"signedIdentityKey":{"private":{"type":"Buffer","data":"MPluqgfb8KYBlaKf49qBL+v1Rm+9a9a91Z4NvRMfq2A="},"public":{"type":"Buffer","data":"9BUgb3wHQN//4aaYT1FwtQOTNQDpukw+8C2VDTfuQyc="}},"signedPreKey":{"keyPair":{"private":{"type":"Buffer","data":"iPPlsaMYHVtjgwWH5+YlOWpCH14IdQXhMkzVVjpg3k0="},"public":{"type":"Buffer","data":"9U93VLLmKkG35Xn73XuuWa3BCUxu9sHVl7J9Q8ydPwY="}},"signature":{"type":"Buffer","data":"7TUQ+fHvtVGJwoSPfHW36zl0E5vzRIAyg4jn+y9XTZQbky+v4oZK7EWOFlCZa/fm87PAzi9ADFRDZddPkyOLgQ=="},"keyId":1},"registrationId":61,"advSecretKey":"uPu3EwArZiGsLZlZyV7+7WWXLC2aDT8yH6/+tYRYEGk=","processedHistoryMessages":[{"key":{"remoteJid":"201092425322@s.whatsapp.net","fromMe":true,"id":"7E8441D317504535E2003A2F971C65A6"},"messageTimestamp":1754616654},{"key":{"remoteJid":"201092425322@s.whatsapp.net","fromMe":true,"id":"4029680E374222F191D3B026BC0336C6"},"messageTimestamp":1754616654},{"key":{"remoteJid":"201092425322@s.whatsapp.net","fromMe":true,"id":"38FDA25AC9AB55C13571FFC33E09ECD1"},"messageTimestamp":1754616688},{"key":{"remoteJid":"201092425322@s.whatsapp.net","fromMe":true,"id":"D919D4AE60212BEA42F59392447EA195"},"messageTimestamp":1754616688},{"key":{"remoteJid":"201092425322@s.whatsapp.net","fromMe":true,"id":"08EFDA2FD1D544C9B38BCD7C1F749731"},"messageTimestamp":1754616689}],"nextPreKeyId":33,"firstUnuploadedPreKeyId":33,"accountSyncCounter":1,"accountSettings":{"unarchiveChats":false},"registered":true,"pairingCode":"ADONIXCC","lastPropHash":"2V77qU","routingInfo":{"type":"Buffer","data":"CAkICw=="},"me":{"id":"201092425322:7@s.whatsapp.net","name":"𝑲𝑰𝑵𝑮-𝑩𝑶𝑻","jid":"201092425322@s.whatsapp.net","lid":"65687968043071:7@lid"},"account":{"details":"CLP9tc4FEMem1cQGGAEgACgA","accountSignatureKey":"PqROLrkXOgvAcLczNa4w0lfkruImdH1boOVVrx0Zmnk=","accountSignature":"uMu54+kcrTWJS64jPwc+b0Rny3FCcHMqeFyE+e3uD5RelokHGjB23aSHT9AMtjIiCZoIe+LwgED/cM4wc14PCA==","deviceSignature":"EUOUdZSTs+6E3vSjg/4z0ojPvEfXthwmgQ79w3VrHJne8lNqaOplf9Jmf7XULXp7WSFmOPoDnnw9+b2iDoy7ig=="},"signalIdentities":[{"identifier":{"name":"201092425322:7@s.whatsapp.net","deviceId":0},"identifierKey":{"type":"Buffer","data":"BT6kTi65FzoLwHC3MzWuMNJX5K7iJnR9W6DlVa8dGZp5"}}],"platform":"android","lastAccountSyncTimestamp":1754621490,"myAppStateKeyId":"AAAAAANI"}