[{"senderKeyId":1899236629,"senderChainKey":{"iteration":265,"seed":"4N2ywVVMP4oGudVhHu4I2LFWAE1off8tAlm0ff0PArQ="},"senderSigningKey":{"public":"BVm3+11Wn37K501th+t4XzLKGuC8Zf8jDKc07P96+vwq","private":"QKb5zP3NXJnTWArnQvEAUj+ewZ0wbkKflMBpgogqOWE="},"senderMessageKeys":[{"iteration":1,"seed":"qIFlDloDVMp5gcWcjJotVeGxcSDHH1L1ifWg2d1qElk="},{"iteration":3,"seed":"TxrBRu+Htlrwz839oLsbZeFj7CDlohDCusiCMNrXiU8="},{"iteration":5,"seed":"TEBlVt3bEaq6dlgSm3jIBnybOBgFww742f/Z9WPYfmQ="},{"iteration":7,"seed":"tsvuFhjWCgGAa/lDgkLGTVBvxbZ5UlcQawsL+kajgSM="},{"iteration":9,"seed":"VDrde9Ey2Ea8agS7LPuty4EXfKxxtUsAYLYoSJpXF4c="},{"iteration":11,"seed":"gGhsJK4JlNBWNVQRSIXttUYsWqonLM9xdXfqKBzgQwo="},{"iteration":13,"seed":"2oKpjmTwG6gI/7qzHdiatdVIvL4SDguWNl7PAHv0UTc="},{"iteration":15,"seed":"/b8yJPexEAZwqyvCTPgdRgCcOiUbwnBbJ7WmYI0HJ/Y="},{"iteration":17,"seed":"H+G7eotNuHnXG9UWWshWSxfhtS5SZb97s1Q/FVry9hM="},{"iteration":19,"seed":"PYYsGY53nEOiBcO6Z+KAyC+27KfJkTPT0qGZ7/TF3+o="},{"iteration":21,"seed":"ozThN38Ru4GvOIrLx5HUu5BI3eI3FM/X+CMhu4JwuCc="},{"iteration":23,"seed":"N/37TyUncoKkth6bQkXcnVclSDWlVVfttBn6D0DVtBo="},{"iteration":25,"seed":"ol0GfPufqe6iBG+S9S4LZxs1/1ND269VqqFoBOuzqlo="},{},{},{},{},{},{},{},{},{},{},{},{},{},{},{},{},{},{},{},{},{},{},{},{},{},{},{},{},{},{},{},{},{},{},{},{},{},{},{},{},{},{},{},{},{},{},{},{},{},{},{},{},{},{},{},{},{},{},{},{},{},{},{},{},{},{},{},{},{},{},{},{},{},{},{},{},{},{},{},{},{},{},{},{},{},{},{},{},{},{},{},{},{},{},{},{},{},{},{},{},{},{},{},{},{},{},{},{},{},{},{},{},{},{},{},{},{},{},{}]}]