{"_sessions":{"BbHsO0Q4nUZEaMQrgzJpbEbYE0LGULhATu8cubTcC5JS":{"registrationId":1630079432,"currentRatchet":{"ephemeralKeyPair":{"pubKey":"BeLvyNv1eQJztKW2oqzkb0Glimt7jiwKTiBIY70dE+sH","privKey":"2GMOhjcbKNuNpF+P0Bbh3fwrjfblhep+pOO2Jj6pE18="},"lastRemoteEphemeralKey":"BdngQwcXw+PQumJmsWY1xLQzRGEsivr9ExIkVcnm8jAW","previousCounter":0,"rootKey":"PiPlDm+3F0kUzPHw0QEZp/inaLCCTXWgp8qKO7DGtqk="},"indexInfo":{"baseKey":"BbHsO0Q4nUZEaMQrgzJpbEbYE0LGULhATu8cubTcC5JS","baseKeyType":1,"closed":-1,"used":1754616696771,"created":1754616696771,"remoteIdentityKey":"BfoWpTrlWrfOsyIn61ODr8yOKm41ej6KEw7nvI8zMeBj"},"_chains":{"BeLvyNv1eQJztKW2oqzkb0Glimt7jiwKTiBIY70dE+sH":{"chainKey":{"counter":1,"key":"f+6tedlIZF2bptHu2kuQrUb/isGGdfhqhF44gREk6sg="},"chainType":1,"messageKeys":{}}},"pendingPreKey":{"signedKeyId":0,"baseKey":"BbHsO0Q4nUZEaMQrgzJpbEbYE0LGULhATu8cubTcC5JS"}}},"version":"v1"}