{"_sessions":{"BYiZEhrNlk8ftvhQ1+njc1vCvqGxtCJBNvXAehDhZjoz":{"registrationId":256552866,"currentRatchet":{"ephemeralKeyPair":{"pubKey":"BcRaAtCRuIeQMcnG5bcSxc1O7yuN397HbCsNtM7T3Msu","privKey":"qBV6TB8t02csxU2LbaDldiKkNG/qqyV25jJxEQ43W34="},"lastRemoteEphemeralKey":"Be0vhG8RtA7t4MvSnJHRjtGxkcoTP4uP3F/vQFxurrhd","previousCounter":0,"rootKey":"v+WseXBTixXVD1Q5hA79K3zXuyJcAx9v9jfQjb59XDA="},"indexInfo":{"baseKey":"BYiZEhrNlk8ftvhQ1+njc1vCvqGxtCJBNvXAehDhZjoz","baseKeyType":1,"closed":1754620955686,"used":1754619932339,"created":1754619932339,"remoteIdentityKey":"BUmcRPSfB6+GxrBFG0vlnZRV8FNYUcH8qMBMlRMJq0Ef"},"_chains":{"BcRaAtCRuIeQMcnG5bcSxc1O7yuN397HbCsNtM7T3Msu":{"chainKey":{"counter":0,"key":"z1j9AVlsiEUR1qxkKPp1vYOl3gW5VO20W5rx/E0HVd4="},"chainType":1,"messageKeys":{}}},"pendingPreKey":{"signedKeyId":3,"baseKey":"BYiZEhrNlk8ftvhQ1+njc1vCvqGxtCJBNvXAehDhZjoz"}},"BcYPOmTgSsmP1bkd3vvKIY7SGiImmHUe5bDDTZoib+kR":{"registrationId":810937539,"currentRatchet":{"ephemeralKeyPair":{"pubKey":"Bdur0WQBHtQ5sLss/+hYPmZftBFvivjw1pcNSYb1FIMs","privKey":"ePqXMJarlNNv0IpH1iDqsZhRXuy8scXOkdb9NEUWKnU="},"lastRemoteEphemeralKey":"Ba263rSOE3fefmobDShQighio9BCTwCBj+Umt/fY8WV4","previousCounter":0,"rootKey":"GoDZdxdH+Ml4aAdYiaV3zRuDtRMR629HbOYaavl7lOY="},"indexInfo":{"baseKey":"BcYPOmTgSsmP1bkd3vvKIY7SGiImmHUe5bDDTZoib+kR","baseKeyType":1,"closed":1754620956049,"used":1754620955675,"created":1754620955675,"remoteIdentityKey":"Bd1ExBV9gcMqyjsPrQHcvwKN1gEb/xmER9IFzPLzAtgi"},"_chains":{"Bdur0WQBHtQ5sLss/+hYPmZftBFvivjw1pcNSYb1FIMs":{"chainKey":{"counter":-1,"key":"yCOy75NGsbSFG2hqJAV2ZSUcXuCtz8Pbhe4jj1nJ8rA="},"chainType":1,"messageKeys":{}}},"pendingPreKey":{"signedKeyId":0,"baseKey":"BcYPOmTgSsmP1bkd3vvKIY7SGiImmHUe5bDDTZoib+kR","preKeyId":4195932}},"BW8peJnvYILE8LVSWRI28nLP3Ewv11bhQZVR2dgxdb42":{"registrationId":810937539,"currentRatchet":{"ephemeralKeyPair":{"pubKey":"BYk4qhYfBOJH8P4xO55gniRadj5kg4nukAVbMs7c0RUg","privKey":"CD1Rra0/mWqQ0dDMIqV5PwmrZ33UiHwv0E4wWJWTmGk="},"lastRemoteEphemeralKey":"Ba263rSOE3fefmobDShQighio9BCTwCBj+Umt/fY8WV4","previousCounter":0,"rootKey":"iOd7LZVuTvMZPBXlSlPFi9YsHnqu/kSghfeTUR6Zc8I="},"indexInfo":{"baseKey":"BW8peJnvYILE8LVSWRI28nLP3Ewv11bhQZVR2dgxdb42","baseKeyType":1,"closed":1754620956447,"used":1754620956046,"created":1754620956046,"remoteIdentityKey":"Bd1ExBV9gcMqyjsPrQHcvwKN1gEb/xmER9IFzPLzAtgi"},"_chains":{"BYk4qhYfBOJH8P4xO55gniRadj5kg4nukAVbMs7c0RUg":{"chainKey":{"counter":-1,"key":"cKYlQ3JdFPpVfISUj+TCJpS8qbpwvkvcGfnpSC+kyqs="},"chainType":1,"messageKeys":{}}},"pendingPreKey":{"signedKeyId":0,"baseKey":"BW8peJnvYILE8LVSWRI28nLP3Ewv11bhQZVR2dgxdb42","preKeyId":4195389}},"BVq9MaJ765kLOvOljqTtuWmXFvU3FpL8S+YmN1Numw1k":{"registrationId":810937539,"currentRatchet":{"ephemeralKeyPair":{"pubKey":"BY37LV3yOBdG3vLdx0NezoHznTKt5zLv+ab4gf531n9T","privKey":"8Eh4IkKB8DKxDB/jC7ZVyohHWvM5PUoA/anZGhQ0UnU="},"lastRemoteEphemeralKey":"Ba263rSOE3fefmobDShQighio9BCTwCBj+Umt/fY8WV4","previousCounter":0,"rootKey":"VVFW3bpnj15C5CSqmPIJO3nthEFB/e3MpAU97rsM4Vw="},"indexInfo":{"baseKey":"BVq9MaJ765kLOvOljqTtuWmXFvU3FpL8S+YmN1Numw1k","baseKeyType":1,"closed":1754621614045,"used":1754620956440,"created":1754620956440,"remoteIdentityKey":"Bd1ExBV9gcMqyjsPrQHcvwKN1gEb/xmER9IFzPLzAtgi"},"_chains":{"BY37LV3yOBdG3vLdx0NezoHznTKt5zLv+ab4gf531n9T":{"chainKey":{"counter":-1,"key":"zg0+DYrKwFuKGABhSLJ3d77dCbP+81qcQouj2u4E0HU="},"chainType":1,"messageKeys":{}}},"pendingPreKey":{"signedKeyId":0,"baseKey":"BVq9MaJ765kLOvOljqTtuWmXFvU3FpL8S+YmN1Numw1k","preKeyId":4195439}},"BTex3G8J/FC8pC4VaUerRh6acVU++NshfwVR0/SyD89U":{"registrationId":810937539,"currentRatchet":{"ephemeralKeyPair":{"pubKey":"BdJkPVc+X5kxdzNhX+4LFNJD7LsxwKvL+QzQXQOvf19i","privKey":"qIIR8C+QbHQC9GdUFECXXJGKfI7oBR7G6uuCY2YIgFk="},"lastRemoteEphemeralKey":"BQH0YFnaT1kAHXCNEVNrlz8s5SPco4Et4QebJIyGGKRl","previousCounter":0,"rootKey":"ASopBP7xL6n1uYFODhfzw2L4pv+o8dqMjdvH4qSbDe8="},"indexInfo":{"baseKey":"BTex3G8J/FC8pC4VaUerRh6acVU++NshfwVR0/SyD89U","baseKeyType":2,"closed":-1,"used":1754621614053,"created":1754621614053,"remoteIdentityKey":"Bd1ExBV9gcMqyjsPrQHcvwKN1gEb/xmER9IFzPLzAtgi"},"_chains":{"BQH0YFnaT1kAHXCNEVNrlz8s5SPco4Et4QebJIyGGKRl":{"chainKey":{"counter":0,"key":"7Kn5D8AOusEGxBMGVv6gLyiuNIDrXLEJz1U8fsGtMWs="},"chainType":2,"messageKeys":{}},"BdJkPVc+X5kxdzNhX+4LFNJD7LsxwKvL+QzQXQOvf19i":{"chainKey":{"counter":-1,"key":"vvv4Kn5FccPfO5C6fTQnbhd4Z+OxoVon+/1EdniG7t4="},"chainType":1,"messageKeys":{}}}}},"version":"v1"}