{"_sessions":{"BTFZh/1vA/y+wMCHvE9Nv1v0tq446ajnh7FOtSQfVgQn":{"registrationId":495277748,"currentRatchet":{"ephemeralKeyPair":{"pubKey":"BV2H5n3BzVFknTVF/8BCXIe+x7oKPsZg7hRNj0BoOjEY","privKey":"iLnsqxi526XZwHQ/DpJ/1rEK2TNmWCLMJa6lXySYLWQ="},"lastRemoteEphemeralKey":"BbJDm/SNjoCAqyBMgsP+R9EqS39QzvrYq97rOjrA0tUO","previousCounter":0,"rootKey":"7WdMTm36G4jpKUd/2+EfQFm87qh+kZoLJu/OBoCC8mQ="},"indexInfo":{"baseKey":"BTFZh/1vA/y+wMCHvE9Nv1v0tq446ajnh7FOtSQfVgQn","baseKeyType":2,"closed":-1,"used":1754616652867,"created":1754616652867,"remoteIdentityKey":"BT6kTi65FzoLwHC3MzWuMNJX5K7iJnR9W6DlVa8dGZp5"},"_chains":{"BbJDm/SNjoCAqyBMgsP+R9EqS39QzvrYq97rOjrA0tUO":{"chainKey":{"counter":9,"key":"Ww6BkMNNA7gRurmOJUV+ypM27Gg7JSlyMIq4HFwBNvo="},"chainType":2,"messageKeys":{"6":"J2wrpKhJLiRkTg0m4X++zAdtZzlpO++CV+2xncJT2V8="}},"BV2H5n3BzVFknTVF/8BCXIe+x7oKPsZg7hRNj0BoOjEY":{"chainKey":{"counter":2,"key":"L+Vbg8z2fARe5MqpWHWJDJKyEMT1RQJVbUnoOmdN/pg="},"chainType":1,"messageKeys":{}}}}},"version":"v1"}