{"_sessions":{"Bd8jmSgzJ82h/OqxAKuINgcae6iO8WbzqQNCUhbFoXd4":{"registrationId":252,"currentRatchet":{"ephemeralKeyPair":{"pubKey":"BUbptJve4lFD4w0dLIKD9PFwlptHg4loiOzrCxzd2LgS","privKey":"WFXQXrl/Y398fgcXX7Ruemjq+cxtBPcgex2tDwgzJmI="},"lastRemoteEphemeralKey":"BeZCQoRNmhRc7qn0jMyM8ySn5rgjUoIuo5jNS2nL5khp","previousCounter":0,"rootKey":"KBgJE1ikr5hKW1XpbURD4UVTeTxJwdfv2VEopadFfx8="},"indexInfo":{"baseKey":"Bd8jmSgzJ82h/OqxAKuINgcae6iO8WbzqQNCUhbFoXd4","baseKeyType":1,"closed":-1,"used":1754619932545,"created":1754619932545,"remoteIdentityKey":"BSZof/vdkgOMlkRl6UQy7kNgTYkwKaA2l9HAAY8C8xQr"},"_chains":{"BUbptJve4lFD4w0dLIKD9PFwlptHg4loiOzrCxzd2LgS":{"chainKey":{"counter":0,"key":"5W4DEpS3Tgs5kWUfqAnkyo0VudIAYSUneieP1dNazX4="},"chainType":1,"messageKeys":{}}},"pendingPreKey":{"signedKeyId":1,"baseKey":"Bd8jmSgzJ82h/OqxAKuINgcae6iO8WbzqQNCUhbFoXd4"}}},"version":"v1"}