{"_sessions":{"BZ4o3c5o7h/zNnmE3oJq2TathPRPwC4pwC7vue9k3Ddw":{"registrationId":236380477,"currentRatchet":{"ephemeralKeyPair":{"pubKey":"BSWB33Ccb2UXKXMohnjg6twyCxPZdFlSdfWbEerkZXlm","privKey":"+KWFJzYxkkHS0ncQw9whHx0pFrapoDQeH/B/N2p+1ng="},"lastRemoteEphemeralKey":"BQD+hGjmr5GFjNHltt5hok9LdHMvfzWPHKHbPL2CNVNm","previousCounter":0,"rootKey":"bz2Yea/TDj7KEF0aLBPuh/JPwwAvxtu40C+Yj3j7wvU="},"indexInfo":{"baseKey":"BZ4o3c5o7h/zNnmE3oJq2TathPRPwC4pwC7vue9k3Ddw","baseKeyType":1,"closed":-1,"used":1754619932371,"created":1754619932371,"remoteIdentityKey":"BV1VE7DT2PDlAOkop2GnMZdoV6b+zq9Q0D9u9XmVhpYQ"},"_chains":{"BSWB33Ccb2UXKXMohnjg6twyCxPZdFlSdfWbEerkZXlm":{"chainKey":{"counter":0,"key":"0sNmNBxMnu1o0EbJDUMugJUKXZUl4pXEmoLhvW5Srcc="},"chainType":1,"messageKeys":{}}},"pendingPreKey":{"signedKeyId":0,"baseKey":"BZ4o3c5o7h/zNnmE3oJq2TathPRPwC4pwC7vue9k3Ddw","preKeyId":14528968}}},"version":"v1"}