{"_sessions":{"BSWQfxlENu/mwxHj0pfeRITlYG+blww9D0a14BWjSLU8":{"registrationId":163,"currentRatchet":{"ephemeralKeyPair":{"pubKey":"BV4iMoliQo1pkh8hgOcxo9ZWcS5+L7x31HNsYk+2E6J8","privKey":"2A78mpqoBeX7Z+Iwl9llz01Sw4HhEo7sl9rPMjISYWc="},"lastRemoteEphemeralKey":"BU8OKlhFkL4MwGBU1JyHBQRN2SvG/rzVhE2ebJu6eJAC","previousCounter":0,"rootKey":"S+ymDoZHkmOoaEw/zB5blenn29N6PD9JITzx8aB6FI8="},"indexInfo":{"baseKey":"BSWQfxlENu/mwxHj0pfeRITlYG+blww9D0a14BWjSLU8","baseKeyType":1,"closed":-1,"used":1754617209827,"created":1754617209827,"remoteIdentityKey":"Bafn0bJkNWa94d0NkcxrcRz1FXwHqouHVKo19AH90NgC"},"_chains":{"BV4iMoliQo1pkh8hgOcxo9ZWcS5+L7x31HNsYk+2E6J8":{"chainKey":{"counter":0,"key":"R5j2aOCde1a97kWMCXcNND4X6BwsA0rMKhfz60w3bc8="},"chainType":1,"messageKeys":{}}},"pendingPreKey":{"signedKeyId":1,"baseKey":"BSWQfxlENu/mwxHj0pfeRITlYG+blww9D0a14BWjSLU8"}}},"version":"v1"}