{"_sessions":{"BWTO3QvSGEhu1y+SbjdXfKjSWozXDKHFHuypzsgVpl4B":{"registrationId":1184422266,"currentRatchet":{"ephemeralKeyPair":{"pubKey":"BYL1ueNlB2e2lfj8acjB/eMD8tSZ2smvB3HaTu9s+A5K","privKey":"KNHp/kkYdHpvTkVOk0kR3fY4FohFFdyp8Ljmj+MZ0U8="},"lastRemoteEphemeralKey":"BQFDmuEusnTflASSKCVoGfWlN36VfMESwvCgjrq665U2","previousCounter":0,"rootKey":"NyEXI38W52IDbmFGqeUyjumumpewYeUNRl+6OR3NNJQ="},"indexInfo":{"baseKey":"BWTO3QvSGEhu1y+SbjdXfKjSWozXDKHFHuypzsgVpl4B","baseKeyType":1,"closed":-1,"used":1754619932475,"created":1754619932475,"remoteIdentityKey":"BbmwzD21oq6e+M0DPWBZY408LW48aaEWHBRQwu0bBac2"},"_chains":{"BYL1ueNlB2e2lfj8acjB/eMD8tSZ2smvB3HaTu9s+A5K":{"chainKey":{"counter":0,"key":"MDDrQYnLoEp5Jwav1Mh7yuITbz+QkQ4/53NO7ZRXGF0="},"chainType":1,"messageKeys":{}}},"pendingPreKey":{"signedKeyId":1,"baseKey":"BWTO3QvSGEhu1y+SbjdXfKjSWozXDKHFHuypzsgVpl4B"}}},"version":"v1"}