{"_sessions":{"BfJM+eIDBuq5nOA/9jXPE6sABd95+tRH7VIitmy8MqwJ":{"registrationId":57555594,"currentRatchet":{"ephemeralKeyPair":{"pubKey":"Beei1bokS1wnH/ok9EENcrOTSB5HORRRvWCvZKXNE3dl","privKey":"oPdwRPPAWviT+dVXk8qCRsCq6cT6MeAFzDTPczukunM="},"lastRemoteEphemeralKey":"BZ0Kw4svu6Kf8n/26I1hPs1hSGbos3ts1Ypb/gXgKy0j","previousCounter":0,"rootKey":"nnbeq1NMGH528I5Vha+grhpNSoA/yYctcIdoN2Mj0VQ="},"indexInfo":{"baseKey":"BfJM+eIDBuq5nOA/9jXPE6sABd95+tRH7VIitmy8MqwJ","baseKeyType":1,"closed":-1,"used":1754617209739,"created":1754617209739,"remoteIdentityKey":"BbGtc3h6ThDnJQybRLHaiXUE60fxOBxs9c5FxPOP6Kgp"},"_chains":{"Beei1bokS1wnH/ok9EENcrOTSB5HORRRvWCvZKXNE3dl":{"chainKey":{"counter":0,"key":"TPGXUA3vI17dTOuRV8eNv/KTgMQ22cc0gD/D2OJeyOQ="},"chainType":1,"messageKeys":{}}},"pendingPreKey":{"signedKeyId":1,"baseKey":"BfJM+eIDBuq5nOA/9jXPE6sABd95+tRH7VIitmy8MqwJ","preKeyId":2010796}}},"version":"v1"}