{"_sessions":{"BXLFSg3hDEV8G920PUMIthoFB4t30udvtR27JFF10btI":{"registrationId":77,"currentRatchet":{"ephemeralKeyPair":{"pubKey":"BWzWQ58IVKe2yPeYVX1woOBmAUePlawPplV4wMOroG15","privKey":"SAn/DLGAsgOrBRbFgFPBhypCLz3lJsN52zBfe/2TY2M="},"lastRemoteEphemeralKey":"BcajqQFv3U6aHAY7hT2yUxCglfOv45Q+PDqYz9EeZkVI","previousCounter":0,"rootKey":"dF1t+PoQB7+pDzRL0N97Nd+ZT7s5nnc1gk+2i2HYiPo="},"indexInfo":{"baseKey":"BXLFSg3hDEV8G920PUMIthoFB4t30udvtR27JFF10btI","baseKeyType":1,"closed":-1,"used":1754616696781,"created":1754616696781,"remoteIdentityKey":"BUVM6DepmxLorxpmbdLwESFLagZPh3beZRg9jHpLHUIf"},"_chains":{"BWzWQ58IVKe2yPeYVX1woOBmAUePlawPplV4wMOroG15":{"chainKey":{"counter":1,"key":"bH8W/1Tcn+KZl6RfILdco7k9HQkCURx5cN6tpBu/tFM="},"chainType":1,"messageKeys":{}}},"pendingPreKey":{"signedKeyId":1,"baseKey":"BXLFSg3hDEV8G920PUMIthoFB4t30udvtR27JFF10btI"}}},"version":"v1"}