{"_sessions":{"BQKqYPXThXZUqYjaT3ZoI+vP+3WarBPOMQjfE6gji1RS":{"registrationId":1325553773,"currentRatchet":{"ephemeralKeyPair":{"pubKey":"BQ6CtVedFaFlvcRkipEFIXYurodOfK8a5qNDs1t29SgI","privKey":"EAh/NAT2D2iGHFoXe3NHVGw4uMSpqKuraBH9IT+p33w="},"lastRemoteEphemeralKey":"BRxN509fhz2q5ko8fAy7fGU4cphlqHHrJCnMkHiFK0FV","previousCounter":0,"rootKey":"p9oVB5MaFZaQkmYYty+y5YRSDknIkuIEViUxIzmgwnE="},"indexInfo":{"baseKey":"BQKqYPXThXZUqYjaT3ZoI+vP+3WarBPOMQjfE6gji1RS","baseKeyType":1,"closed":-1,"used":1754619932411,"created":1754619932411,"remoteIdentityKey":"BefC5ccfnkbosNiVdgO8qhB23aZj5DDb5Jr/8RUjoCQN"},"_chains":{"BQ6CtVedFaFlvcRkipEFIXYurodOfK8a5qNDs1t29SgI":{"chainKey":{"counter":0,"key":"u18OUHBa57louD5S9D8ddTz4kGYU+qR/pyuBLdY4yA8="},"chainType":1,"messageKeys":{}}},"pendingPreKey":{"signedKeyId":3,"baseKey":"BQKqYPXThXZUqYjaT3ZoI+vP+3WarBPOMQjfE6gji1RS"}}},"version":"v1"}