{"_sessions":{"BQ/s6txv9uNNF6ur7oao8bXehqSMcYH66VLUk2sTC8JR":{"registrationId":574860262,"currentRatchet":{"ephemeralKeyPair":{"pubKey":"BV1u+r6O0r52dF5DlJtXqCHpd0fs+aMtSftebEZzvj0u","privKey":"6GD/rNBUogzUHflw3SMokUtiK/j7c6CKTVpKnk+BuWU="},"lastRemoteEphemeralKey":"BXz3YAdIDTsCtYWI9+Wkg7onlBNA2S2+gz5ouodtta1y","previousCounter":0,"rootKey":"a+hlsy+7QsQMNe04ZV12xjm+UoZ+GVuM/yQgOyXmHbM="},"indexInfo":{"baseKey":"BQ/s6txv9uNNF6ur7oao8bXehqSMcYH66VLUk2sTC8JR","baseKeyType":1,"closed":-1,"used":1754617209752,"created":1754617209752,"remoteIdentityKey":"BXTd0o6liBQlGtzo3+y6tYzg57SdUkQxjTyaNos5xj5q"},"_chains":{"BV1u+r6O0r52dF5DlJtXqCHpd0fs+aMtSftebEZzvj0u":{"chainKey":{"counter":0,"key":"tz2euLYHA+ev/PuqrAm9TfnaixKpu/e9BSQGewuW3o8="},"chainType":1,"messageKeys":{}}},"pendingPreKey":{"signedKeyId":1,"baseKey":"BQ/s6txv9uNNF6ur7oao8bXehqSMcYH66VLUk2sTC8JR","preKeyId":8110322}}},"version":"v1"}