{"_sessions":{"BafKieC1obHDHler2DK8yVfi/hafU+BdI5Ua/d8eTnss":{"registrationId":198,"currentRatchet":{"ephemeralKeyPair":{"pubKey":"BTjouZG2ktRClmwNGrq3yiw7YP7IK01G4GV1V/9kCM1z","privKey":"0BJybpZXTgSWxa9FdcN6dQyCJ6+4IQs+miTUT5YX318="},"lastRemoteEphemeralKey":"BZkceRZH9GDOqmOncgLHtWSWmMFprY9S0p9DeAVHko5A","previousCounter":0,"rootKey":"Quc84BrWW+h3IqAvjtjLtUiDpjAjanOv8RK+CIPvc9E="},"indexInfo":{"baseKey":"BafKieC1obHDHler2DK8yVfi/hafU+BdI5Ua/d8eTnss","baseKeyType":1,"closed":-1,"used":1754619932480,"created":1754619932480,"remoteIdentityKey":"BdVLsXt4lIFHE/DjmuR9JlmOvmo4eSl9K8f90z1PkbgW"},"_chains":{"BTjouZG2ktRClmwNGrq3yiw7YP7IK01G4GV1V/9kCM1z":{"chainKey":{"counter":0,"key":"fuMZtcIv5/uaetIAIGQ4a+G3YuXu/OOYlnabj+gUvMw="},"chainType":1,"messageKeys":{}}},"pendingPreKey":{"signedKeyId":1,"baseKey":"BafKieC1obHDHler2DK8yVfi/hafU+BdI5Ua/d8eTnss","preKeyId":233}}},"version":"v1"}