{"_sessions":{"BdTbzQ8eWF/tiZHvsaK+7hHysf7z9Z0i1hMzqEX0wKAT":{"registrationId":1915362787,"currentRatchet":{"ephemeralKeyPair":{"pubKey":"BYRxW5/hu4JuOlyS6rGYWiux1upykHkAuvCPQ0INRJ5a","privKey":"2Ea6yyf/dLuHfgh0qUTSyuxSSVNGHu73ehor1e6zu0c="},"lastRemoteEphemeralKey":"BQfL7o1wrRgh5jzicv3EaJMXAeRcYSPbSDgl3YeS5RMe","previousCounter":0,"rootKey":"iW55wYhgxwIOt219YdWIRytiNsgId/O+Puco/TbB0Eg="},"indexInfo":{"baseKey":"BdTbzQ8eWF/tiZHvsaK+7hHysf7z9Z0i1hMzqEX0wKAT","baseKeyType":1,"closed":-1,"used":1754619932388,"created":1754619932388,"remoteIdentityKey":"BXH/dZl1z3cWDwtnK01BfOdXuuU+6emqygN3hcd3cOMN"},"_chains":{"BYRxW5/hu4JuOlyS6rGYWiux1upykHkAuvCPQ0INRJ5a":{"chainKey":{"counter":0,"key":"sE9FwZYTbhb3tdBnrqAG+kfhBw+K0Ephye9G+xfi8Fs="},"chainType":1,"messageKeys":{}}},"pendingPreKey":{"signedKeyId":36,"baseKey":"BdTbzQ8eWF/tiZHvsaK+7hHysf7z9Z0i1hMzqEX0wKAT","preKeyId":8811876}}},"version":"v1"}