{"_sessions":{"Be6lSxsjO/DXEZaQ5muRdr4INDIkziu2iDzIZFQF0Hgb":{"registrationId":1134473948,"currentRatchet":{"ephemeralKeyPair":{"pubKey":"BbUG2wqCZaxs7gFRNMHcQ/9pNH6Q8BwM2UuNKLqfEgZb","privKey":"SD0k6aOdNRto93M1vOydCr/uzWMv2Eu8wziwiGJ5PV4="},"lastRemoteEphemeralKey":"BZIfS47qSAtbSMfMHSfGtCQ1ZLrOE+r/m8+Fehp6IcJQ","previousCounter":0,"rootKey":"lmFb99JHmFBQ1D555xOL8zGYX4ncuiFCFSRlcDeyWyQ="},"indexInfo":{"baseKey":"Be6lSxsjO/DXEZaQ5muRdr4INDIkziu2iDzIZFQF0Hgb","baseKeyType":1,"closed":-1,"used":1754617209768,"created":1754617209768,"remoteIdentityKey":"BTC2zzSc61Z92soo+X8rU1VYDFZi5dlJYquUUPKFrsI/"},"_chains":{"BbUG2wqCZaxs7gFRNMHcQ/9pNH6Q8BwM2UuNKLqfEgZb":{"chainKey":{"counter":0,"key":"4aaTF6vtNxmGnq+DpNtlDfe+chVVLNuV9To86JEytSw="},"chainType":1,"messageKeys":{}}},"pendingPreKey":{"signedKeyId":0,"baseKey":"Be6lSxsjO/DXEZaQ5muRdr4INDIkziu2iDzIZFQF0Hgb"}}},"version":"v1"}