{"_sessions":{"BYWgwqyFoELgLn2NxlQdA0yRDguWpnvxnzTa6Bhjl3Qv":{"registrationId":192,"currentRatchet":{"ephemeralKeyPair":{"pubKey":"BZE8/JjctEWuydp1xG6FeM/OtXyVJGba9MZnZBMvWakm","privKey":"iLRZN8cnigWoRd7bJ/wXR57yKXPR2jnSJS0q4iZz6mE="},"lastRemoteEphemeralKey":"BcxORe8BpN1WxWequorKQsF5/SvPG+u1MhPaqvt0yNRF","previousCounter":0,"rootKey":"3eiJjUf8h7QrPkhDLN3IeQ/XMofmYS9SIOorZY7z5+s="},"indexInfo":{"baseKey":"BYWgwqyFoELgLn2NxlQdA0yRDguWpnvxnzTa6Bhjl3Qv","baseKeyType":1,"closed":-1,"used":1754619932513,"created":1754619932513,"remoteIdentityKey":"BYdpN0G7Da200DABtYp2PAuBScjEwNm6sXfo5Vi1SlgC"},"_chains":{"BZE8/JjctEWuydp1xG6FeM/OtXyVJGba9MZnZBMvWakm":{"chainKey":{"counter":0,"key":"z0LX4+PwDzhJHBLitJYVpRq5U2eN/48b7c/B1JKEo8w="},"chainType":1,"messageKeys":{}}},"pendingPreKey":{"signedKeyId":1,"baseKey":"BYWgwqyFoELgLn2NxlQdA0yRDguWpnvxnzTa6Bhjl3Qv"}}},"version":"v1"}