{"_sessions":{"BXmdHGwaynPVDeqbls3CV5a2z+IquUW7nCgpqX4/ld0x":{"registrationId":2047875743,"currentRatchet":{"ephemeralKeyPair":{"pubKey":"BQdHil1qLj7kc7YFcN1oPLvaIIcmDL6urQXns6g8Hcx4","privKey":"uInaFdvn9F0+rWTHyVvjUNbt9e7x5AoNJ1lidq0HQW8="},"lastRemoteEphemeralKey":"BQrDbpKbhCvK3mTVvJApCXp0kyVSnywti9yx1rFxTSEl","previousCounter":0,"rootKey":"bSnoqXMTyMdB9OUvQqltn+TZRWPYClPgc6CfvFhggLs="},"indexInfo":{"baseKey":"BXmdHGwaynPVDeqbls3CV5a2z+IquUW7nCgpqX4/ld0x","baseKeyType":1,"closed":-1,"used":1754619932427,"created":1754619932427,"remoteIdentityKey":"Bcczw5Df+QfJehZf/TKxVNMG4Lp7lq80Zh9EaYvq9KYQ"},"_chains":{"BQdHil1qLj7kc7YFcN1oPLvaIIcmDL6urQXns6g8Hcx4":{"chainKey":{"counter":0,"key":"4oo6iSo97oXj3ncebPKbKnRI7LTCf6colKsXMkprTBw="},"chainType":1,"messageKeys":{}}},"pendingPreKey":{"signedKeyId":1,"baseKey":"BXmdHGwaynPVDeqbls3CV5a2z+IquUW7nCgpqX4/ld0x","preKeyId":13232506}}},"version":"v1"}