{"_sessions":{"Bbv4J3WT/YvtI4GWK7A+GdQhy1ruyOFbS0/QrCY5Xr0H":{"registrationId":245,"currentRatchet":{"ephemeralKeyPair":{"pubKey":"BS8+6P8wVbbzhfJu2l4NjKYfLbSp5Vyk8bNpxc4SCWVu","privKey":"2GS9mswU8oM/APlcJL87cc8ST6FwRvDVOZF42+KieGg="},"lastRemoteEphemeralKey":"BSw6DFADw2HcdhF0d/OW1qC4YNKsb2rP4DMiwi8BLs1D","previousCounter":0,"rootKey":"TCd/+AJmOhz70UPppFg/BxrFTAIZf0+C822Z98G/Ju8="},"indexInfo":{"baseKey":"Bbv4J3WT/YvtI4GWK7A+GdQhy1ruyOFbS0/QrCY5Xr0H","baseKeyType":1,"closed":-1,"used":1754619932531,"created":1754619932531,"remoteIdentityKey":"BdVAN46LThRO7+PYj6xavOlrDbXPPRz5oTsu1atrldBl"},"_chains":{"BS8+6P8wVbbzhfJu2l4NjKYfLbSp5Vyk8bNpxc4SCWVu":{"chainKey":{"counter":0,"key":"SLLF3I/79d0ubU1qII2hITK/Wh3KyX7YPYlQZeryxzQ="},"chainType":1,"messageKeys":{}}},"pendingPreKey":{"signedKeyId":1,"baseKey":"Bbv4J3WT/YvtI4GWK7A+GdQhy1ruyOFbS0/QrCY5Xr0H"}}},"version":"v1"}