{"_sessions":{"BbAGVF4zKVmUh6GdZz6J3Y0CIwaH8f5AjRXFZCEl7wBo":{"registrationId":1835755611,"currentRatchet":{"ephemeralKeyPair":{"pubKey":"BfUzMelr7CX39HE5/Ww8xV7qqJhY6JnB7SjH+csssCUY","privKey":"GL3e0VbOGJF0WK0lua9xim7RGjUmaJQa2IPZYQJlElc="},"lastRemoteEphemeralKey":"BZF/z3YixmIsL0NXokjaZGueiLMydaFOm14rAM66SBta","previousCounter":0,"rootKey":"VLjiNRWpfH1jmhe6aA85gz7+lGICuZh4YXMTwb63UwE="},"indexInfo":{"baseKey":"BbAGVF4zKVmUh6GdZz6J3Y0CIwaH8f5AjRXFZCEl7wBo","baseKeyType":1,"closed":-1,"used":1754617209817,"created":1754617209817,"remoteIdentityKey":"BV+l6rtf5HHdAMtsUwZWvmOD3Qr3i3PO3CyxltqH3E0J"},"_chains":{"BfUzMelr7CX39HE5/Ww8xV7qqJhY6JnB7SjH+csssCUY":{"chainKey":{"counter":0,"key":"9d34T0qcMUKg8tSgkKD5dSxvjzjvM8jX4kfDO1KfFi0="},"chainType":1,"messageKeys":{}}},"pendingPreKey":{"signedKeyId":0,"baseKey":"BbAGVF4zKVmUh6GdZz6J3Y0CIwaH8f5AjRXFZCEl7wBo","preKeyId":10570224}}},"version":"v1"}