{"_sessions":{"BTfT8D3GJsh0frbIUjJDSxFqFeTtFWAehXUUA7udzFQa":{"registrationId":251,"currentRatchet":{"ephemeralKeyPair":{"pubKey":"BcM5o/3o/pkEByjGE4zPQyyK9ru4V9M+S+T/rEfFjrty","privKey":"eJapC755v3kkLdAMXrghFlLt7W6gGlbzZuw/wP5jk1I="},"lastRemoteEphemeralKey":"BZLWWal4G6zIAOhnrRydxW8hgxH1H/w/ib2g9Z7kjI8f","previousCounter":0,"rootKey":"lWIV49BpAv1F+nNzHi/PUCNpZtVkDgtBrFAUnRPMmdc="},"indexInfo":{"baseKey":"BTfT8D3GJsh0frbIUjJDSxFqFeTtFWAehXUUA7udzFQa","baseKeyType":1,"closed":-1,"used":1754619932555,"created":1754619932555,"remoteIdentityKey":"BTfI0y44p0inYhnwTHW9bZnxmU451BAYI0B0E3RIxDI9"},"_chains":{"BcM5o/3o/pkEByjGE4zPQyyK9ru4V9M+S+T/rEfFjrty":{"chainKey":{"counter":0,"key":"9Xi7Pr5F2/2QAPRYLcbf0HUoVX5S96q6BpJbwqApaCc="},"chainType":1,"messageKeys":{}}},"pendingPreKey":{"signedKeyId":1,"baseKey":"BTfT8D3GJsh0frbIUjJDSxFqFeTtFWAehXUUA7udzFQa"}}},"version":"v1"}