{"_sessions":{"BWUQBnd4lexI7Ga5ahPfR79OXWmDrKY5dTvzLkBCU9R5":{"registrationId":887778275,"currentRatchet":{"ephemeralKeyPair":{"pubKey":"BchTqFMo06npS8ALdv/xI8+s5QIXoLSG2eXMH8XA+IAu","privKey":"YG01Qlk+2mDgOD2MelDpRxPIHe/TvCQY7oHkvsCcd3g="},"lastRemoteEphemeralKey":"BfUeXpQqPesYq125DzjySA4R2yC40YrgPnz1XPCBensd","previousCounter":0,"rootKey":"xTSEVaGnQz57uO81UI09Tdo4HMXSlPj0WfR4cUCPXpQ="},"indexInfo":{"baseKey":"BWUQBnd4lexI7Ga5ahPfR79OXWmDrKY5dTvzLkBCU9R5","baseKeyType":1,"closed":-1,"used":1754619932442,"created":1754619932442,"remoteIdentityKey":"BXevVDAE+QTp/yKGjurE7c2pXXVThu0MKQKLnGGWcY0c"},"_chains":{"BchTqFMo06npS8ALdv/xI8+s5QIXoLSG2eXMH8XA+IAu":{"chainKey":{"counter":0,"key":"48OhVuMtzVI407exCgFPIqAIrPJRop3dHjpHMB9EsUw="},"chainType":1,"messageKeys":{}}},"pendingPreKey":{"signedKeyId":1,"baseKey":"BWUQBnd4lexI7Ga5ahPfR79OXWmDrKY5dTvzLkBCU9R5","preKeyId":15132702}}},"version":"v1"}