{"_sessions":{"Ba14huEMcdNZLYso0J0b7u7+7uV82w3ijuO4zlnk2tYE":{"registrationId":348926447,"currentRatchet":{"ephemeralKeyPair":{"pubKey":"BVU8WPuSWgkZK2skYWbZWsDfVBeU74FjKlT3dgYRxokT","privKey":"SPYoKP2gPUWBSJ049VGpHhcPEZ1SE9+J+omELqFZHXo="},"lastRemoteEphemeralKey":"BRIrKWI7Z+6SKYGicITES8iYihk6r9Th2bW6/tXzMc0p","previousCounter":0,"rootKey":"bv7btzqjSh/rhtjuJZGwmK7WOg9Jh+FkB6xHeix1zsk="},"indexInfo":{"baseKey":"Ba14huEMcdNZLYso0J0b7u7+7uV82w3ijuO4zlnk2tYE","baseKeyType":2,"closed":-1,"used":1754617541260,"created":1754617507833,"remoteIdentityKey":"BeZMMpzevidIkQimNePyu+3l3GEGDHc++mCVIIwqH5gc"},"_chains":{"BdRSRCd6AIzihZt9bWIAhb3Bhe9iCrA/9UpcwZX3MeRs":{"chainKey":{"counter":1},"chainType":2,"messageKeys":{}},"BRIrKWI7Z+6SKYGicITES8iYihk6r9Th2bW6/tXzMc0p":{"chainKey":{"counter":0,"key":"tP7kf+IC8FIX58Hm9jgWvhwPvv2F6qEDczLuH5bVd4c="},"chainType":2,"messageKeys":{}},"BVU8WPuSWgkZK2skYWbZWsDfVBeU74FjKlT3dgYRxokT":{"chainKey":{"counter":-1,"key":"xJAvOIWgyu/m1bQ/V5kAbl+DJ6aBnFwAV8J7q97XhmM="},"chainType":1,"messageKeys":{}}}}},"version":"v1"}