{"_sessions":{"BdqeB96DHUbNTMBq+0dPhyF4VF2s74oGithKgvaoozs7":{"registrationId":1775454547,"currentRatchet":{"ephemeralKeyPair":{"pubKey":"BbGC9Exo3MjQgmhIivBKfPiNUZILZTirVQBWBxPtDPlA","privKey":"ULFPDTzFJJ9+HNpAl2wdtOLdgqwDtYO6++iNed4aE2I="},"lastRemoteEphemeralKey":"BV3dhCguUwN6xKBnxqgSx80+Yexh1w94oj9hcQ5k8bch","previousCounter":0,"rootKey":"Rs/0D88jqZHLPmWjOywmSHEpV/KGqrL7oUuV3JOTpyI="},"indexInfo":{"baseKey":"BdqeB96DHUbNTMBq+0dPhyF4VF2s74oGithKgvaoozs7","baseKeyType":2,"closed":-1,"used":1754619928710,"created":1754619928710,"remoteIdentityKey":"Bdg1uNqrBVsMIrmTEgEisdjVYWYTKU2oWlKQZWlA7f1W"},"_chains":{"BV3dhCguUwN6xKBnxqgSx80+Yexh1w94oj9hcQ5k8bch":{"chainKey":{"counter":0,"key":"xYtozOeI+yIayIMUQjAJ45n3S/qlBQoe+FwByqg2LRk="},"chainType":2,"messageKeys":{}},"BbGC9Exo3MjQgmhIivBKfPiNUZILZTirVQBWBxPtDPlA":{"chainKey":{"counter":0,"key":"2xg71tarhy89SPMHgnGTU8PA6OsRXhe2PN9ANST0AME="},"chainType":1,"messageKeys":{}}}}},"version":"v1"}