{"_sessions":{"Bbe12z6QWUB4VGTg+WPv5/hCRtNZYlZDdqS8bIqF2T4e":{"registrationId":1842007857,"currentRatchet":{"ephemeralKeyPair":{"pubKey":"Be5hdpq2lxcwZUX5aDs9GgMr44691gW1W9YmIEJXl7Ry","privKey":"+IFOk8z/qmvTrneMRHrQF3WJEfON6asnTF+3ZgwCiko="},"lastRemoteEphemeralKey":"BQIgbJczD4/BK21uTkQ/mEV6UE+qe5fx+UA+yzeyOeNG","previousCounter":0,"rootKey":"8/oCbZ0VxdpXBjic6JQm9/g+dIzDjVR7Qdx1hhxsAwQ="},"indexInfo":{"baseKey":"Bbe12z6QWUB4VGTg+WPv5/hCRtNZYlZDdqS8bIqF2T4e","baseKeyType":1,"closed":-1,"used":1754619932393,"created":1754619932393,"remoteIdentityKey":"BYHk0xQ4moMnPzsv99hRoYJTukSmvDq0uM8kaXA2sec/"},"_chains":{"Be5hdpq2lxcwZUX5aDs9GgMr44691gW1W9YmIEJXl7Ry":{"chainKey":{"counter":0,"key":"LAKOSOq8nsk1m7Se6Resrh/RnkQBCyfGeBCF24OlDMo="},"chainType":1,"messageKeys":{}}},"pendingPreKey":{"signedKeyId":12,"baseKey":"Bbe12z6QWUB4VGTg+WPv5/hCRtNZYlZDdqS8bIqF2T4e","preKeyId":15111849}}},"version":"v1"}