{"_sessions":{"BU0AfKso1AIyzpYozy/EgEva5+n+y2WIKohdtVx9VI5s":{"registrationId":63,"currentRatchet":{"ephemeralKeyPair":{"pubKey":"BRIYIuwN5vEdsPIjUGF0Jh967IkSyl7xC+4yDsPA1rQc","privKey":"aGi9FCc9+TDhangk2gtaCpUhiMk8gfLCWkCXpTwWF3c="},"lastRemoteEphemeralKey":"BYCnY4T/WFGMfcMQCFIRBfWqHyfUWPk5TgqsmvIpOEp6","previousCounter":0,"rootKey":"tFyjnHccnDKshwV3uGc2/2dM16Fj/ny0TLI8OXnok3M="},"indexInfo":{"baseKey":"BU0AfKso1AIyzpYozy/EgEva5+n+y2WIKohdtVx9VI5s","baseKeyType":1,"closed":-1,"used":1754619932517,"created":1754619932517,"remoteIdentityKey":"BRWy2ltKNYR3lk+JdEozAjOrCvoqjibWno2IWI809I5n"},"_chains":{"BRIYIuwN5vEdsPIjUGF0Jh967IkSyl7xC+4yDsPA1rQc":{"chainKey":{"counter":0,"key":"rYTHFbPeOgrAzhVaJe5lb8+iNI2Q4OBckESpoTJA1MA="},"chainType":1,"messageKeys":{}}},"pendingPreKey":{"signedKeyId":1,"baseKey":"BU0AfKso1AIyzpYozy/EgEva5+n+y2WIKohdtVx9VI5s"}}},"version":"v1"}