{"_sessions":{"BQx3NeexLStvROYkjcNhGkCb3ZrGtf1RVFbByVmR/dN1":{"registrationId":61,"currentRatchet":{"ephemeralKeyPair":{"pubKey":"BfzpnJ2e+7uNEQDDkan72Vfk7w9GK6Bm0MmUZsGEtTE1","privKey":"KPR9X6ciT+xC5RpGodvrmX96IhU9z63naVbWrDsze2A="},"lastRemoteEphemeralKey":"BfVPd1Sy5ipBt+V5+917rlmtwQlMbvbB1ZeyfUPMnT8G","previousCounter":0,"rootKey":"G+zSJZlWgzUsiRxXPHqHpl3A8FVtpePj69TvckB437g="},"indexInfo":{"baseKey":"BQx3NeexLStvROYkjcNhGkCb3ZrGtf1RVFbByVmR/dN1","baseKeyType":1,"closed":-1,"used":1754616696787,"created":1754616696787,"remoteIdentityKey":"BfQVIG98B0Df/+GmmE9RcLUDkzUA6bpMPvAtlQ037kMn"},"_chains":{"BfzpnJ2e+7uNEQDDkan72Vfk7w9GK6Bm0MmUZsGEtTE1":{"chainKey":{"counter":2,"key":"cLyPNAF44Gp0jawVoB9YlAScemRza79jdJlqA6yAvmY="},"chainType":1,"messageKeys":{}}},"pendingPreKey":{"signedKeyId":1,"baseKey":"BQx3NeexLStvROYkjcNhGkCb3ZrGtf1RVFbByVmR/dN1","preKeyId":29}}},"version":"v1"}