{"_sessions":{"Be0UePKUGV25U55D46uK+Ap3ZDSphrbYJVJ1KUNGX3ga":{"registrationId":287049362,"currentRatchet":{"ephemeralKeyPair":{"pubKey":"BevPQLAvHL8/MmLoPmNk3bh3gF9FLg/Df876dPk4XNof","privKey":"wC+Ub3g/NKp3rKkIlOBMdscLq9D71ZTvorTF8H38Fkw="},"lastRemoteEphemeralKey":"BTK8XFR7oWgbhcVS5Hu5KIZQAGUkWaXoTVsBwoqvvcse","previousCounter":0,"rootKey":"16Cb9TpX2VCsv5wLsxrO97RTEPLl6PMZcX7eYuU/1nA="},"indexInfo":{"baseKey":"Be0UePKUGV25U55D46uK+Ap3ZDSphrbYJVJ1KUNGX3ga","baseKeyType":1,"closed":-1,"used":1754616735677,"created":1754616696777,"remoteIdentityKey":"Bd24hTQSjCvXHorwcQ7Uv8+KxC3vwEIc02AituD4cX9L"},"_chains":{"BTK8XFR7oWgbhcVS5Hu5KIZQAGUkWaXoTVsBwoqvvcse":{"chainKey":{"counter":0,"key":"myYHvTN7Ge/2NjerKyA/qNHm+tVG99u9PB7oMo0UkF4="},"chainType":2,"messageKeys":{}},"BevPQLAvHL8/MmLoPmNk3bh3gF9FLg/Df876dPk4XNof":{"chainKey":{"counter":1,"key":"jYUzvau/fE3N7pzi7s6zS41aLdAQu7FXWSQt6CSven4="},"chainType":1,"messageKeys":{}}}}},"version":"v1"}