{"_sessions":{"BV7oragP0Y+wWiemfifJ9ycSNF0uuWmUALz6G3H9txdt":{"registrationId":962708849,"currentRatchet":{"ephemeralKeyPair":{"pubKey":"BVLQxPzp0EFHF/bhUPDqd2tDEDDefQHWWmeiLUCP73UA","privKey":"WKYbJLZ1kq9RQvvdkC4IMpMhlXfXxnwWQ9XrNn1PoEw="},"lastRemoteEphemeralKey":"BXhxRNmhDpH0klATObQDgQloO2AHxjZRf4C8ap9k+pwF","previousCounter":0,"rootKey":"jQ6Z1XXi7piRchn3fG8SAGu983LfCpjX/sUfVInomOY="},"indexInfo":{"baseKey":"BV7oragP0Y+wWiemfifJ9ycSNF0uuWmUALz6G3H9txdt","baseKeyType":1,"closed":-1,"used":1754617209643,"created":1754617209643,"remoteIdentityKey":"BYAKEK8XZZxjQ4VLEbn3I3dZ7qvEaBFz/EQT4r0IG4xf"},"_chains":{"BVLQxPzp0EFHF/bhUPDqd2tDEDDefQHWWmeiLUCP73UA":{"chainKey":{"counter":0,"key":"sPhJTft3bSYfzJDbtS11GCng6Pg4VJCSledV5et7hOw="},"chainType":1,"messageKeys":{}}},"pendingPreKey":{"signedKeyId":8,"baseKey":"BV7oragP0Y+wWiemfifJ9ycSNF0uuWmUALz6G3H9txdt","preKeyId":7323488}}},"version":"v1"}