{"_sessions":{"BcPdhPoveyIn7FLNYp+v6Evo5j9rNZ3UNfSWYEj/fd00":{"registrationId":244,"currentRatchet":{"ephemeralKeyPair":{"pubKey":"BUzkpNBhhpMQVO75EIlhdHle6QXTT1FaRBj+V85bhZ5U","privKey":"OI/Zn2RqUfKnhKMI4E4cdKKUUmjUSvM6uHCPo7Rqd0Y="},"lastRemoteEphemeralKey":"BW2WKOMzHIuKNeC8ueYETJY0T0XL7Bx/0akjVbyuwuFa","previousCounter":0,"rootKey":"1HKrG4Z3Of06IwCtFJCTh8aQtQJBg7RC9sOyQ9Ba8l8="},"indexInfo":{"baseKey":"BcPdhPoveyIn7FLNYp+v6Evo5j9rNZ3UNfSWYEj/fd00","baseKeyType":1,"closed":-1,"used":1754619932510,"created":1754619932510,"remoteIdentityKey":"BZ2rOVTQNFH9jZe6jckSGqyUDgzD7TAqKcOCCmYcdcxw"},"_chains":{"BUzkpNBhhpMQVO75EIlhdHle6QXTT1FaRBj+V85bhZ5U":{"chainKey":{"counter":0,"key":"FXesrvcy8scswZcP9v00KuBa1lqxc1WPbOseMbG/ofc="},"chainType":1,"messageKeys":{}}},"pendingPreKey":{"signedKeyId":1,"baseKey":"BcPdhPoveyIn7FLNYp+v6Evo5j9rNZ3UNfSWYEj/fd00","preKeyId":455}}},"version":"v1"}