{"_sessions":{"BXvgOCkb8gl75/3U9qOCKWn2K/k0g0kITAdpjgY1Uc9q":{"registrationId":1860993941,"currentRatchet":{"ephemeralKeyPair":{"pubKey":"BdsUwZTe+ZoGY/ZZwFGq8Nr/S7j27we5f5WwfXyUh58W","privKey":"AApKIeHVkLE9K6D8QQD5txHmGgyROj1DogKAmpZ/QkA="},"lastRemoteEphemeralKey":"BT9qB7VheoL4BrQQWHExsr1xvT5CT9b3CbpUG3xLcYo0","previousCounter":0,"rootKey":"7qVCWeYx+RDtJsOVKi3QYT1GGF4pXrJkSjZ2YGBNgEk="},"indexInfo":{"baseKey":"BXvgOCkb8gl75/3U9qOCKWn2K/k0g0kITAdpjgY1Uc9q","baseKeyType":1,"closed":-1,"used":1754617209726,"created":1754617209726,"remoteIdentityKey":"BUYBBnCfhc9/2SbrmBLkcmeGM7R7LJui5yXi3Ku/U0Ml"},"_chains":{"BdsUwZTe+ZoGY/ZZwFGq8Nr/S7j27we5f5WwfXyUh58W":{"chainKey":{"counter":1,"key":"ou/vEkHAxcAjFpHWHooY4deFziAVYaoxN9o+Twn15cQ="},"chainType":1,"messageKeys":{}}},"pendingPreKey":{"signedKeyId":1,"baseKey":"BXvgOCkb8gl75/3U9qOCKWn2K/k0g0kITAdpjgY1Uc9q","preKeyId":7536516}}},"version":"v1"}