{"_sessions":{"BYcWn7XjyqJTeuLAQHq8gkBYJ+BCO6S+f1pqP1+ITMR5":{"registrationId":1274468855,"currentRatchet":{"ephemeralKeyPair":{"pubKey":"BaPEso7LvY4PjMSnmtZ+gUpessMFGfNvP26+2qHI704P","privKey":"0C1v+vHU6OvmSszTXVjInqjZf8ZsOBKLb9VigASR+08="},"lastRemoteEphemeralKey":"Bb686F4Xi2lIF7+zA0de9BgiI2DonH9uMzA2Iu59nd4w","previousCounter":0,"rootKey":"tsh2g3fi3wU8dcfFSJWdP6wP9KoQYwZCPOLUbK//KdU="},"indexInfo":{"baseKey":"BYcWn7XjyqJTeuLAQHq8gkBYJ+BCO6S+f1pqP1+ITMR5","baseKeyType":1,"closed":-1,"used":1754619932405,"created":1754619932405,"remoteIdentityKey":"BZqTAnPp4bjyq1MLKdQCqRqAiPmZ+dr2zIYT+wAaRkJd"},"_chains":{"BaPEso7LvY4PjMSnmtZ+gUpessMFGfNvP26+2qHI704P":{"chainKey":{"counter":0,"key":"UBv7jLc3UWqjjM7/jBZefm7BO2Uj3uo0f337E2AWwMo="},"chainType":1,"messageKeys":{}}},"pendingPreKey":{"signedKeyId":2991912,"baseKey":"BYcWn7XjyqJTeuLAQHq8gkBYJ+BCO6S+f1pqP1+ITMR5","preKeyId":5339}}},"version":"v1"}