{"_sessions":{"BTAMNeoGN/YT+36F2R+Gl0Fm0cE6LnWv03nu9eekeCBP":{"registrationId":46860227,"currentRatchet":{"ephemeralKeyPair":{"pubKey":"BTaDfuEt+MZuj1r7Iti5vqexlbybXyHnZ0/4hD1rFY5D","privKey":"8A6T9Q4oM18DFCfZn+wR/znt+bLCTKcB9GjAYRsWT1U="},"lastRemoteEphemeralKey":"BQsa79Lo0IwdLCAi58Ig+jidtP4rmHaKly1MYuX6qT5j","previousCounter":0,"rootKey":"A3nXZ3CCBIUBPF9iACFKcRzGprPjfwDUUf/Q5/+ZyQo="},"indexInfo":{"baseKey":"BTAMNeoGN/YT+36F2R+Gl0Fm0cE6LnWv03nu9eekeCBP","baseKeyType":1,"closed":-1,"used":1754619932447,"created":1754619932447,"remoteIdentityKey":"BRaZevbuCSgFN4ivrG7zBkhGSf/yrmGVc6pIm1j/uS0h"},"_chains":{"BTaDfuEt+MZuj1r7Iti5vqexlbybXyHnZ0/4hD1rFY5D":{"chainKey":{"counter":0,"key":"JZLRfhA9w6qp+R1VouDb69Y2XmD+ZfQfkxtY09bnaiw="},"chainType":1,"messageKeys":{}}},"pendingPreKey":{"signedKeyId":0,"baseKey":"BTAMNeoGN/YT+36F2R+Gl0Fm0cE6LnWv03nu9eekeCBP","preKeyId":10449924}}},"version":"v1"}