{"_sessions":{"BT/8Bw+8WCz+hQ4qDWN5FSFT+LhqIakvIrlQ8euWxzou":{"registrationId":125,"currentRatchet":{"ephemeralKeyPair":{"pubKey":"BVUpRB6RtHsOQgHnxEMSZ+BcT/XosH377oIE4ssM/K12","privKey":"mC3+aPoPrMASKgZuc81yTTm0oZzgLUSQG9Pdx8fjvms="},"lastRemoteEphemeralKey":"BYNo8F71Zs9hOdj+wzWmlQQaxVHU88U90nTDghNfiJkp","previousCounter":0,"rootKey":"Ma/1n3xxhdtjQNzYPEDtG6ZGns7j49k3EZHDBTZynrw="},"indexInfo":{"baseKey":"BT/8Bw+8WCz+hQ4qDWN5FSFT+LhqIakvIrlQ8euWxzou","baseKeyType":1,"closed":-1,"used":1754619932527,"created":1754619932527,"remoteIdentityKey":"BR4qZjGeL75ux+9/9TgSzePGeEjwH4ZHvW5RNAX66yVP"},"_chains":{"BVUpRB6RtHsOQgHnxEMSZ+BcT/XosH377oIE4ssM/K12":{"chainKey":{"counter":0,"key":"lNPx2LajICxKF65hgx4Y8Ub6FGZ58reBlzhMIgVhlgA="},"chainType":1,"messageKeys":{}}},"pendingPreKey":{"signedKeyId":1,"baseKey":"BT/8Bw+8WCz+hQ4qDWN5FSFT+LhqIakvIrlQ8euWxzou"}}},"version":"v1"}