{"_sessions":{"Bd+HVw6lQfiGnwIpx9XjjAVvsro6DKFzRl9EDLSluFpm":{"registrationId":1883338233,"currentRatchet":{"ephemeralKeyPair":{"pubKey":"BdrSnaKnGAT12Gg2DSupoiw8WyoxPi6WiID82vRfCG44","privKey":"qBd+KXV5YrBvqqiqVTuF3cyAtKZG182MW4r6F27v70k="},"lastRemoteEphemeralKey":"BYXEV7KpV7M9odtqQGx5cKACCsWoR7Re2Y7KAxQo5KR3","previousCounter":0,"rootKey":"koY7QhZjeBAPWtewt4ZuEOKH3F/lRyTZlInMARtoLLA="},"indexInfo":{"baseKey":"Bd+HVw6lQfiGnwIpx9XjjAVvsro6DKFzRl9EDLSluFpm","baseKeyType":1,"closed":-1,"used":1754619932376,"created":1754619932376,"remoteIdentityKey":"BYukvW4VeKCeex0PAv0qMLJ153WHTVPD2QgFxxFAICF3"},"_chains":{"BdrSnaKnGAT12Gg2DSupoiw8WyoxPi6WiID82vRfCG44":{"chainKey":{"counter":0,"key":"II9OlL11/j6d5HXMublujwOmpnsf9+5bZgVZ7AO8U6M="},"chainType":1,"messageKeys":{}}},"pendingPreKey":{"signedKeyId":0,"baseKey":"Bd+HVw6lQfiGnwIpx9XjjAVvsro6DKFzRl9EDLSluFpm","preKeyId":9132662}}},"version":"v1"}