{"_sessions":{"BWBdkEzKHc4adU0HEl8TySgcAvf8xU1h+GgD9D1HdLwI":{"registrationId":992308581,"currentRatchet":{"ephemeralKeyPair":{"pubKey":"BWKxpOaV5lq+lId5KBX3U8mJLmFI9vWYrXJsXCHhkIEj","privKey":"eI9ryzrpcpVExav+zK6zEwRTdX4RwJPLc+TmAEog6Wo="},"lastRemoteEphemeralKey":"BfLBezrER5Xdas+eFwow8pRQdJcXolstIJxQSTyqrRdN","previousCounter":0,"rootKey":"PoNR17IMy/kouNW2Za7WJkNcJkiBpsgfOD82PjyEE/o="},"indexInfo":{"baseKey":"BWBdkEzKHc4adU0HEl8TySgcAvf8xU1h+GgD9D1HdLwI","baseKeyType":1,"closed":-1,"used":1754619932398,"created":1754619932398,"remoteIdentityKey":"BWDOp/Zh2JMyOte15epejApkCmPr1mvDVaO9aF7I2DRR"},"_chains":{"BWKxpOaV5lq+lId5KBX3U8mJLmFI9vWYrXJsXCHhkIEj":{"chainKey":{"counter":0,"key":"evNQ+ZpCZz+lLDrCuKB3PcGIoB/Qna53sghnkprY1es="},"chainType":1,"messageKeys":{}}},"pendingPreKey":{"signedKeyId":1,"baseKey":"BWBdkEzKHc4adU0HEl8TySgcAvf8xU1h+GgD9D1HdLwI","preKeyId":4810264}}},"version":"v1"}