{"_sessions":{"BU65m9Uh5RV2uaVxgoaCjI0oCv4NJ1E9GU0i/z7BuIVa":{"registrationId":348926447,"currentRatchet":{"ephemeralKeyPair":{"pubKey":"BbcUM0GJzYzSc+7/qcQaSGJuHe1PtV1S92DbGHg9Twon","privKey":"+HGQGv0Mh0cFKFq7sThbHQEk5j6NtLQHiAROM4mWVnY="},"lastRemoteEphemeralKey":"BXeoQAzRw4FSFd9IHdXVzD3peMA6sdIDLLbtoSdq3FMH","previousCounter":0,"rootKey":"o2A3OFe3v/5raS3zrVi8Pr4SwDKx/rgr5kVmlBDRjCM="},"indexInfo":{"baseKey":"BU65m9Uh5RV2uaVxgoaCjI0oCv4NJ1E9GU0i/z7BuIVa","baseKeyType":1,"closed":-1,"used":1754617209712,"created":1754617209712,"remoteIdentityKey":"BeZMMpzevidIkQimNePyu+3l3GEGDHc++mCVIIwqH5gc"},"_chains":{"BbcUM0GJzYzSc+7/qcQaSGJuHe1PtV1S92DbGHg9Twon":{"chainKey":{"counter":0,"key":"/X5IDsEd2fYiKTs1yKB8OUkFxayFPpN3ZNVknPMXPFo="},"chainType":1,"messageKeys":{}}},"pendingPreKey":{"signedKeyId":7,"baseKey":"BU65m9Uh5RV2uaVxgoaCjI0oCv4NJ1E9GU0i/z7BuIVa","preKeyId":11359086}}},"version":"v1"}