{"_sessions":{"Ba9RKKchG6e1FY9Rxn3oHqJRNS7RfLz4aKTUS1eYLNVT":{"registrationId":192,"currentRatchet":{"ephemeralKeyPair":{"pubKey":"BeexW2aiIRTSxPo1LSaXpByV6aVCvs/RXSMSokXSzvdT","privKey":"aIoH5uJ+A/7HZvocf6+IRHt63t8kytY4VRCuTas/bmA="},"lastRemoteEphemeralKey":"BUgMfKQKY5tIGHhPd884uWXGprtKbKMir80O1Kyb4/FV","previousCounter":0,"rootKey":"EHr+H65hMLksRy1C9tHZjvWxQ/wdo4RLMBmEHT/9U/I="},"indexInfo":{"baseKey":"Ba9RKKchG6e1FY9Rxn3oHqJRNS7RfLz4aKTUS1eYLNVT","baseKeyType":1,"closed":-1,"used":1754617209849,"created":1754617209849,"remoteIdentityKey":"BYqSjsUrl7kzgPfvSujhw8ZE8SsCHbey5oeR7i7sqYhI"},"_chains":{"BeexW2aiIRTSxPo1LSaXpByV6aVCvs/RXSMSokXSzvdT":{"chainKey":{"counter":0,"key":"tVoDgqx6IjlwD+V8M1gI0qxBV24L4TvZo1MbfX0SmZ4="},"chainType":1,"messageKeys":{}}},"pendingPreKey":{"signedKeyId":1,"baseKey":"Ba9RKKchG6e1FY9Rxn3oHqJRNS7RfLz4aKTUS1eYLNVT","preKeyId":1787}}},"version":"v1"}