{"_sessions":{"BeTDJq74b2mlVFHuvrKdS7guXbYs9Yfhww7SDefgAptL":{"registrationId":36,"currentRatchet":{"ephemeralKeyPair":{"pubKey":"BdTy+qymIkAlSdQd3YWgotVrVkAzPIdsrH3V5J3kz3we","privKey":"aOLpgnEwVmd6/1DfCP8oli+wl1MXOl7QDDm6Iqibb0s="},"lastRemoteEphemeralKey":"BSFW5pYTXd3VA1/0mxYCOe6k9hu+F8AkXK+3bwYt974U","previousCounter":0,"rootKey":"abqMdJZ5ZdDlA0pLLdPTm+xU2ux8B1NOacfT/p42C9I="},"indexInfo":{"baseKey":"BeTDJq74b2mlVFHuvrKdS7guXbYs9Yfhww7SDefgAptL","baseKeyType":1,"closed":-1,"used":1754619932484,"created":1754619932484,"remoteIdentityKey":"BS+LS62qdjFqb2lvA09cyBS3c7u0PKPF6SaMQwSWF09N"},"_chains":{"BdTy+qymIkAlSdQd3YWgotVrVkAzPIdsrH3V5J3kz3we":{"chainKey":{"counter":0,"key":"/tj8l29QQY4gHgVQcndXd+hLjSJi2EPO40zqDzDuvlc="},"chainType":1,"messageKeys":{}}},"pendingPreKey":{"signedKeyId":1,"baseKey":"BeTDJq74b2mlVFHuvrKdS7guXbYs9Yfhww7SDefgAptL"}}},"version":"v1"}