{"_sessions":{"BWqgr0KwURxxAvJaeDOEuWJ5h8wLm8fogRbqS5pXVB4n":{"registrationId":174,"currentRatchet":{"ephemeralKeyPair":{"pubKey":"BRq3pzNUVEEYJFxxXbhdzSc0AOlzCo0eTb1tjjkIQLYQ","privKey":"CLlb3T2YE22gbyqvqKRPLQsXSzaB5/r1UQ93AziDl1o="},"lastRemoteEphemeralKey":"BVPEQnXLdeRwKzVMkg83H+Zue+iVdWrr8eODjMHnsH1w","previousCounter":0,"rootKey":"OuRuFz/hbp6u6QGxWx0XiKD7vZSfIaopFJFTyyWMhO4="},"indexInfo":{"baseKey":"BWqgr0KwURxxAvJaeDOEuWJ5h8wLm8fogRbqS5pXVB4n","baseKeyType":1,"closed":-1,"used":1754619932523,"created":1754619932523,"remoteIdentityKey":"BUOSn/nPBSqm/kQN5UklMXASv6hJX7WwUrST2OuTSW9N"},"_chains":{"BRq3pzNUVEEYJFxxXbhdzSc0AOlzCo0eTb1tjjkIQLYQ":{"chainKey":{"counter":0,"key":"etto8dw/ZrkoRT+/9mPsILUL9A6riu5xpRRVqoBS26E="},"chainType":1,"messageKeys":{}}},"pendingPreKey":{"signedKeyId":1,"baseKey":"BWqgr0KwURxxAvJaeDOEuWJ5h8wLm8fogRbqS5pXVB4n"}}},"version":"v1"}