{"_sessions":{"BQuEfOISSb/e+OACPb8Lze5hBII0X0YelB5ej+YUZdt5":{"registrationId":1760703112,"currentRatchet":{"ephemeralKeyPair":{"pubKey":"BVPuYaRFqhJQrPWLOgYJegcMkucS6BhvarNOIsia0rlr","privKey":"IG6fVYZoye/+df4SnizyfU4Syik+y0IsGJfQMCgZyXg="},"lastRemoteEphemeralKey":"BQ1DUN0xPInqu4pD024NE5QoJ2irPmnosggP9Crnems6","previousCounter":0,"rootKey":"WaRDPLkfPN0mSWrjT1NsyzEhe8lyTbh5WCgQ9d56sJA="},"indexInfo":{"baseKey":"BQuEfOISSb/e+OACPb8Lze5hBII0X0YelB5ej+YUZdt5","baseKeyType":1,"closed":-1,"used":1754617209673,"created":1754617209673,"remoteIdentityKey":"BfRkTx6GzWYDHZTOIimNw8+VS8ty6zKZvX7cfaizY29D"},"_chains":{"BVPuYaRFqhJQrPWLOgYJegcMkucS6BhvarNOIsia0rlr":{"chainKey":{"counter":0,"key":"lXFQkuUXNLQifv3P2ZsYBrrvZ7wyzONjz086kvEmKDg="},"chainType":1,"messageKeys":{}}},"pendingPreKey":{"signedKeyId":1,"baseKey":"BQuEfOISSb/e+OACPb8Lze5hBII0X0YelB5ej+YUZdt5","preKeyId":919626}}},"version":"v1"}