{"_sessions":{"BczNRBa5PEf3vecJ0D3qasVSPjPmWVwdr8MJw71rQEUV":{"registrationId":2067156064,"currentRatchet":{"ephemeralKeyPair":{"pubKey":"BZKQfmlHI/7yp/93J9y/WEsnJe0RPPp/AO9K9JsLucRF","privKey":"CISduhgUTHKMTHl3bPqKvxuWucZPX9LrfP5waCpRI2s="},"lastRemoteEphemeralKey":"BWYm6pFxL3IvHQb3/VXF96oKIb7l1OsW7PCoakvV8xxP","previousCounter":0,"rootKey":"FvEOnu/z8eM5AGntOHHgGMPgwTUzCMKHYlTGLy7YlRg="},"indexInfo":{"baseKey":"BczNRBa5PEf3vecJ0D3qasVSPjPmWVwdr8MJw71rQEUV","baseKeyType":1,"closed":-1,"used":1754617209777,"created":1754617209777,"remoteIdentityKey":"BWapa7H8uW0YvWimDjdcSzJDfHj6YoSxqdfR+7SxSBYy"},"_chains":{"BZKQfmlHI/7yp/93J9y/WEsnJe0RPPp/AO9K9JsLucRF":{"chainKey":{"counter":0,"key":"b8AzW2XjnPqFD72xxAvfsLRC+L9xWojN68qcoJIHkN4="},"chainType":1,"messageKeys":{}}},"pendingPreKey":{"signedKeyId":7,"baseKey":"BczNRBa5PEf3vecJ0D3qasVSPjPmWVwdr8MJw71rQEUV","preKeyId":4520478}}},"version":"v1"}