{"_sessions":{"BVnGwJD93bSJrLLnPCZ75EWap8inFJxZTKdHtaYsoF9S":{"registrationId":2018175720,"currentRatchet":{"ephemeralKeyPair":{"pubKey":"BcgU7VJSOc4I1q2izTDlSEr5On1deGlqixurNMdggYsx","privKey":"8FS1pSmxDo/PwjOqxbhxTEX2Ri1cidISwFTlR9TVnk0="},"lastRemoteEphemeralKey":"BWvsrVpHtO+r3b4NVQjWse9F555VPnO5CQVGS1/OI90e","previousCounter":0,"rootKey":"Ftl0HlDPvMvNGaMlqAd6xY91FXcyDXvyydSGrpuj3OY="},"indexInfo":{"baseKey":"BVnGwJD93bSJrLLnPCZ75EWap8inFJxZTKdHtaYsoF9S","baseKeyType":1,"closed":-1,"used":1754617209634,"created":1754617209634,"remoteIdentityKey":"BQvjzVOXYHn/GVHhZqpK6QuwkWCfOjU1MfiQnHm4ru5T"},"_chains":{"BcgU7VJSOc4I1q2izTDlSEr5On1deGlqixurNMdggYsx":{"chainKey":{"counter":0,"key":"tWwRtNZz4dAg6SPaGTeNyuflLUucRn/wW6zT+TC3rKE="},"chainType":1,"messageKeys":{}}},"pendingPreKey":{"signedKeyId":1,"baseKey":"BVnGwJD93bSJrLLnPCZ75EWap8inFJxZTKdHtaYsoF9S","preKeyId":10678905}}},"version":"v1"}