{"_sessions":{"Bfifatic/GRsPQbh+BthGu7/38lMJk2CXJuTrEVqmuxS":{"registrationId":84,"currentRatchet":{"ephemeralKeyPair":{"pubKey":"Bc6+p+6G+w1Oeb0XjaqTCZMx7HtOh4fdyBJjJjo3QcEi","privKey":"ILDZOMYXW9hKwMdgtQnh/hjTZrSbFWElyUbr0+waTGU="},"lastRemoteEphemeralKey":"Ba0GAQj+c5v7M/+AVAW9bodZ49y2PpWB1kbt83L86OJU","previousCounter":0,"rootKey":"amuVqv3Eu+xB34TBiSh7zemTCWSaNstnvWs5h6vdYgU="},"indexInfo":{"baseKey":"Bfifatic/GRsPQbh+BthGu7/38lMJk2CXJuTrEVqmuxS","baseKeyType":1,"closed":-1,"used":1754617209863,"created":1754617209863,"remoteIdentityKey":"BXjrUZrcxZ/lR7BeoAygFS02FmBI81CDxD0pYIJzDcgs"},"_chains":{"Bc6+p+6G+w1Oeb0XjaqTCZMx7HtOh4fdyBJjJjo3QcEi":{"chainKey":{"counter":0,"key":"a6BCmfobBD4AOwhcob9dO7k1SI8Iyn50QG21B4Cy1Ms="},"chainType":1,"messageKeys":{}}},"pendingPreKey":{"signedKeyId":1,"baseKey":"Bfifatic/GRsPQbh+BthGu7/38lMJk2CXJuTrEVqmuxS"}}},"version":"v1"}