{"_sessions":{"BYDv0VeBw9ZIcEcQKo6h+QWyXiBW3psQp4Rj3dFMZNAB":{"registrationId":1090260351,"currentRatchet":{"ephemeralKeyPair":{"pubKey":"BSF/E66Ejh7piYEUL38zsnc357QCHRKQZ9h4TqzwCK9B","privKey":"kPEwT3wqkedkgM5VUK5/feZqT9C8lov2LDW2Dt75cUQ="},"lastRemoteEphemeralKey":"BQVxQpfZtxIcqDHhko3TD8ibIlc25kRTBpowg/evm2sG","previousCounter":0,"rootKey":"yPh5uHlvvMH2uEtDWOgBX7dE+SpV6ntHF4WNdzaoqgA="},"indexInfo":{"baseKey":"BYDv0VeBw9ZIcEcQKo6h+QWyXiBW3psQp4Rj3dFMZNAB","baseKeyType":1,"closed":-1,"used":1754616696766,"created":1754616696766,"remoteIdentityKey":"BZw3l/0zv5huGRXLZP4H+bn3vTi9C7hSHrQDziY3iR0j"},"_chains":{"BSF/E66Ejh7piYEUL38zsnc357QCHRKQZ9h4TqzwCK9B":{"chainKey":{"counter":2,"key":"x9SZyINDFTusDxJkyCwctWQ6mILevsMvL0ZdAWH1oQs="},"chainType":1,"messageKeys":{}}},"pendingPreKey":{"signedKeyId":1,"baseKey":"BYDv0VeBw9ZIcEcQKo6h+QWyXiBW3psQp4Rj3dFMZNAB","preKeyId":7076956}}},"version":"v1"}