{"_sessions":{"Bc6hFE49dofCAtnTM8m64s0LCAfeXU/wkDssvVea00RJ":{"registrationId":124372619,"currentRatchet":{"ephemeralKeyPair":{"pubKey":"BdSl0Fuo79com70T82kDU3GdMBKibSPwR3hQ9d2PNB5a","privKey":"QGR8tHAmlaGKz8WsRq9pFbp+gEKWpoWigpz2TTaO9V0="},"lastRemoteEphemeralKey":"Bdo6Ylzn3y/SnA1O/e/PAjXQlAhuykxJBhTBIln3BpEi","previousCounter":0,"rootKey":"9KlMC+FPkBdDuZWTv99V2r2/c0w4/uqM3qQXeJxXEbA="},"indexInfo":{"baseKey":"Bc6hFE49dofCAtnTM8m64s0LCAfeXU/wkDssvVea00RJ","baseKeyType":1,"closed":-1,"used":1754617209691,"created":1754617209691,"remoteIdentityKey":"BSk6l5CklBqcHFBL1FyouZ1YrPuSZsQLFeMeygCAH/Mh"},"_chains":{"BdSl0Fuo79com70T82kDU3GdMBKibSPwR3hQ9d2PNB5a":{"chainKey":{"counter":0,"key":"s9hpAkh6DIb81hrsr0Uyws+jSXkRLp2IsPY3ezyIauY="},"chainType":1,"messageKeys":{}}},"pendingPreKey":{"signedKeyId":0,"baseKey":"Bc6hFE49dofCAtnTM8m64s0LCAfeXU/wkDssvVea00RJ","preKeyId":10958038}}},"version":"v1"}