{"_sessions":{"BbAsskWuZrYUXOiGya/VqAFflVXXjzWi3lyE1/6Yglt2":{"registrationId":1659203169,"currentRatchet":{"ephemeralKeyPair":{"pubKey":"Bag/C8M2S8iW08dBnS439tvFPiQ+V94jsqiFg68VFYJR","privKey":"AIeT4ER1hKvTeMiUKjBIrE2zTB06bX4mVbPGufYZ0ko="},"lastRemoteEphemeralKey":"BRh7pF0LRYZN3OvCVBiyiF7oPqi9kynXp6wEgnBQQ6xT","previousCounter":0,"rootKey":"KzEkRAQY1tCtad2iZA6PBHKn+TJz4Ay5zgpNmp5kf7U="},"indexInfo":{"baseKey":"BbAsskWuZrYUXOiGya/VqAFflVXXjzWi3lyE1/6Yglt2","baseKeyType":1,"closed":-1,"used":1754617209782,"created":1754617209782,"remoteIdentityKey":"BV4kDBA0qsS3TBiHVdnE0/CLX+t9LD01nWPfLhv8huB/"},"_chains":{"Bag/C8M2S8iW08dBnS439tvFPiQ+V94jsqiFg68VFYJR":{"chainKey":{"counter":0,"key":"mWY8G6vXUOJO4nr7PB94zR0cic0Ue/dMHSeEZXzraPU="},"chainType":1,"messageKeys":{}}},"pendingPreKey":{"signedKeyId":3,"baseKey":"BbAsskWuZrYUXOiGya/VqAFflVXXjzWi3lyE1/6Yglt2","preKeyId":1705938}}},"version":"v1"}