{"_sessions":{"BQNdAe0gtY6fr3r7eXc/DCordkbxUKvOQE2Na3pl4zkg":{"registrationId":133049557,"currentRatchet":{"ephemeralKeyPair":{"pubKey":"BRz/qSLSkrhSYccDc30n17bpZxxwCPE8QOUjA5ZN6+d/","privKey":"eO28WuQpv7m3E2fzW5gh7UlAutXhXMitGJ9r44aPrVE="},"lastRemoteEphemeralKey":"BcVuG70I8un3QKbfUdyfHwBeIUCBKXHqZVvB23u8VPVP","previousCounter":0,"rootKey":"XkDgkPtksH1nnMLmiLAVUXWdqrdNqW3vB7KeFUx+mbQ="},"indexInfo":{"baseKey":"BQNdAe0gtY6fr3r7eXc/DCordkbxUKvOQE2Na3pl4zkg","baseKeyType":1,"closed":-1,"used":1754619932459,"created":1754619932459,"remoteIdentityKey":"BZSCi8heIshexRlqptgVxipuLRybqb8lU2A+ncr3ZotL"},"_chains":{"BRz/qSLSkrhSYccDc30n17bpZxxwCPE8QOUjA5ZN6+d/":{"chainKey":{"counter":0,"key":"CzbzDZvZRfSAWyBIiK5s9EJD0Oi5D05HwFl3Iw0ZqLw="},"chainType":1,"messageKeys":{}}},"pendingPreKey":{"signedKeyId":6,"baseKey":"BQNdAe0gtY6fr3r7eXc/DCordkbxUKvOQE2Na3pl4zkg","preKeyId":9626497}}},"version":"v1"}