{"_sessions":{"BUjfh8UUXfUthazTa2x31HPosM1lTgObLRIaVEwfD7pE":{"registrationId":105,"currentRatchet":{"ephemeralKeyPair":{"pubKey":"BYC7QXOkdCBEsELhFvEq5IF2R6ANe819+Oh8pDa0hzg+","privKey":"oCYBpVFHci6hmrlxMWDWhzpdn5EUUQK/AXzX/fBhF0E="},"lastRemoteEphemeralKey":"Bf0k1ud2kspfOs6r0I64bv/llIIlexBVt2Fv0qH3T20K","previousCounter":0,"rootKey":"2bDgjw1e7ebnIFWxtbRQ9aJcDH3D/IiGJPF1CIS8uPk="},"indexInfo":{"baseKey":"BUjfh8UUXfUthazTa2x31HPosM1lTgObLRIaVEwfD7pE","baseKeyType":1,"closed":-1,"used":1754619932498,"created":1754619932498,"remoteIdentityKey":"BT31q1ZBVLJicvlZ4F4DUAWjcR31F/fbqYUKjs6sN7R4"},"_chains":{"BYC7QXOkdCBEsELhFvEq5IF2R6ANe819+Oh8pDa0hzg+":{"chainKey":{"counter":0,"key":"7gx6akX2TndfOGklVAIsHMjtYDf2LQzhAWw0ekIJads="},"chainType":1,"messageKeys":{}}},"pendingPreKey":{"signedKeyId":1,"baseKey":"BUjfh8UUXfUthazTa2x31HPosM1lTgObLRIaVEwfD7pE","preKeyId":436}}},"version":"v1"}