{"_sessions":{"Bdiq/5npYr2ES//oyxwUbFV0Nbbxn+wHvrlSwhvtfU1/":{"registrationId":97,"currentRatchet":{"ephemeralKeyPair":{"pubKey":"BfJE+KM34OVgbM69Q9LCDYyIhEVM9LIp3nU+dOtX7Hty","privKey":"8Pq8oK/c6BsvIgCrISIeMwBGyOxmrgzD1SjrpWe6nms="},"lastRemoteEphemeralKey":"BYkCEHRGTwl2n+3aXIaus5kP2szo7fNn6lywMnSn0CFe","previousCounter":0,"rootKey":"kOqQzp02DOPzX0MNoc81ejQcILxiiKgKKusG+zHnafo="},"indexInfo":{"baseKey":"Bdiq/5npYr2ES//oyxwUbFV0Nbbxn+wHvrlSwhvtfU1/","baseKeyType":1,"closed":-1,"used":1754616696792,"created":1754616696792,"remoteIdentityKey":"BfgKQNppgAnkOC28+l7uko/R8JUnsEPq00sNFJJkm50u"},"_chains":{"BfJE+KM34OVgbM69Q9LCDYyIhEVM9LIp3nU+dOtX7Hty":{"chainKey":{"counter":2,"key":"0u1hZJlr3JJED/8vMJb73kg4jPBQJv0/SYsTrJA/BsQ="},"chainType":1,"messageKeys":{}}},"pendingPreKey":{"signedKeyId":1,"baseKey":"Bdiq/5npYr2ES//oyxwUbFV0Nbbxn+wHvrlSwhvtfU1/"}}},"version":"v1"}