{"_sessions":{"BZYC7YL5O48Nc0hY6Sf5/xdgOrellTkfWwolB9BxRSZH":{"registrationId":1604972197,"currentRatchet":{"ephemeralKeyPair":{"pubKey":"BSj221JILyyk4D9jjXyZVXMACf+kNSTXdD28aUgE9xJw","privKey":"UGEjuS7RMBuCuny7aXAWF9K3EKFjoDG8v4v8ic6l3ms="},"lastRemoteEphemeralKey":"BZ/XktFpl+BOV1Ak5yiELiu6VlGiLFkqUs/8VIfRlsNq","previousCounter":0,"rootKey":"Zxa2yEFFPXPivpbxCQ6ttJxzYQ8M60Lxu9lMk0SPwkw="},"indexInfo":{"baseKey":"BZYC7YL5O48Nc0hY6Sf5/xdgOrellTkfWwolB9BxRSZH","baseKeyType":1,"closed":-1,"used":1754617209661,"created":1754617209661,"remoteIdentityKey":"Bfi02+5Xsb9Twryd7ctI61aW0ex9yhaoacMVeupmSro9"},"_chains":{"BSj221JILyyk4D9jjXyZVXMACf+kNSTXdD28aUgE9xJw":{"chainKey":{"counter":1,"key":"KQx4Gc1FrkCrZJ6HxLnjKlpFstVWViczwFFF5kxTjso="},"chainType":1,"messageKeys":{}}},"pendingPreKey":{"signedKeyId":1,"baseKey":"BZYC7YL5O48Nc0hY6Sf5/xdgOrellTkfWwolB9BxRSZH","preKeyId":5918708}}},"version":"v1"}