{"_sessions":{"BfTeMsrdn2Vyo8NHfdp4k2BevuAfZlnNgJUT+cAi13B5":{"registrationId":1464042792,"currentRatchet":{"ephemeralKeyPair":{"pubKey":"BcwmyCeItxpnl9BMcmsBh+Rdw34AyySIxq3M4T4nypIS","privKey":"cFciSJaI31h8ULBgaZQIG84x2QaVIj1TJCeizD5xz1U="},"lastRemoteEphemeralKey":"BfD8TMKHOYxa+glcmj103mbnTE4Orb4pVVfG0yVcbC9a","previousCounter":0,"rootKey":"l37WRmh0qmx61QxLzDnFEuO/pXqjWX0U5hOWm46m98c="},"indexInfo":{"baseKey":"BfTeMsrdn2Vyo8NHfdp4k2BevuAfZlnNgJUT+cAi13B5","baseKeyType":1,"closed":-1,"used":1754617209747,"created":1754617209747,"remoteIdentityKey":"BWO4f9bNTytO/UHZAxLjqAAj1oyuy456yeBJCCaa9a9Q"},"_chains":{"BcwmyCeItxpnl9BMcmsBh+Rdw34AyySIxq3M4T4nypIS":{"chainKey":{"counter":0,"key":"la1Qnch/h00gz+pqvqLKTKXTY3uHhN78IXgC0LLj6rw="},"chainType":1,"messageKeys":{}}},"pendingPreKey":{"signedKeyId":0,"baseKey":"BfTeMsrdn2Vyo8NHfdp4k2BevuAfZlnNgJUT+cAi13B5","preKeyId":593593}}},"version":"v1"}