{"_sessions":{"BUZT5Qd4Cn05HjedIT1xsDtpv1CoLIOEcsYrLoaiZjoo":{"registrationId":421290898,"currentRatchet":{"ephemeralKeyPair":{"pubKey":"BQtQvXNl2puQI1VLlilGmpx18n8f0NKJZXkj9CcLsQ9n","privKey":"6FpF3tGYL4Xve2EJnRRdF35uiDWaHlAfhDGuVEgHkVo="},"lastRemoteEphemeralKey":"BVKYyMRwGRzPXd9EumLDland7ubQkQ5OfFVD8AXPqcoi","previousCounter":0,"rootKey":"MDButShwy0TRxwSoizOBHMcwk145d6toYsiYSEMcU30="},"indexInfo":{"baseKey":"BUZT5Qd4Cn05HjedIT1xsDtpv1CoLIOEcsYrLoaiZjoo","baseKeyType":1,"closed":-1,"used":1754617209717,"created":1754617209717,"remoteIdentityKey":"BTkUqs850oUakzBBbqXyv2iiW/6jqIekk6vc0pcXaDBG"},"_chains":{"BQtQvXNl2puQI1VLlilGmpx18n8f0NKJZXkj9CcLsQ9n":{"chainKey":{"counter":0,"key":"NHiN6h2XPMFfS3HXNovFGeTlDXZ1WthXm1WlQOx13/k="},"chainType":1,"messageKeys":{}}},"pendingPreKey":{"signedKeyId":2,"baseKey":"BUZT5Qd4Cn05HjedIT1xsDtpv1CoLIOEcsYrLoaiZjoo","preKeyId":13279501}}},"version":"v1"}