{"_sessions":{"BTes7XHamP2OxLdIYP9o6Hyowg5SR3orZZVeEkp9PFsa":{"registrationId":239,"currentRatchet":{"ephemeralKeyPair":{"pubKey":"BYSPUlhVuzgEjkdRSRWQuuVR+sD2YvmjjfsZrkW8GNAm","privKey":"4N9874tYa32qtjwvIcEW9DCUjk9kHL1hdhrdrj0Jmnw="},"lastRemoteEphemeralKey":"BSMOx5xyJ8vZMTvwxp6oBHsv0BB4RJiZEYj0vxFG9Ogm","previousCounter":0,"rootKey":"KC/fwp5NSpW0pArm0NVuTsU0h1IGyWBWbfVjwm3e2V8="},"indexInfo":{"baseKey":"BTes7XHamP2OxLdIYP9o6Hyowg5SR3orZZVeEkp9PFsa","baseKeyType":1,"closed":-1,"used":1754619932563,"created":1754619932563,"remoteIdentityKey":"BfU7tJeM1gtZ6DygZzg0gZhMp3zhCAEyCOC1ngQO6/AO"},"_chains":{"BYSPUlhVuzgEjkdRSRWQuuVR+sD2YvmjjfsZrkW8GNAm":{"chainKey":{"counter":0,"key":"Bn9EiDqdDkc479SsAA5s0qy9+loKWLsQ7m5HM2wlhk0="},"chainType":1,"messageKeys":{}}},"pendingPreKey":{"signedKeyId":1,"baseKey":"BTes7XHamP2OxLdIYP9o6Hyowg5SR3orZZVeEkp9PFsa"}}},"version":"v1"}