{"_sessions":{"BfI4pGe+c4sHgqkI6FuA4gB2htaN7ftlR5aJnv5oUD4C":{"registrationId":1598360784,"currentRatchet":{"ephemeralKeyPair":{"pubKey":"BQuvNNV+Hw8QcF89ir3nONR7nZLyyaJMO34hhJ97CIEJ","privKey":"WFEKHM/asLaDUOFFagddnV/u7Tfno31AgAY0sEsj31E="},"lastRemoteEphemeralKey":"BbWlPtNsaL86ZFbAMYoAMIN1wQ+507myaZTuco4NYHZS","previousCounter":0,"rootKey":"f0HP+mQiifesQGVAuCGc0H7CG2fIfSblUUAuMLZHWIc="},"indexInfo":{"baseKey":"BfI4pGe+c4sHgqkI6FuA4gB2htaN7ftlR5aJnv5oUD4C","baseKeyType":1,"closed":-1,"used":1754617209678,"created":1754617209678,"remoteIdentityKey":"BRjZ2jzaHt7cBoMRfyzHAS8ySVDi+NX9HLkdlo0u2sxI"},"_chains":{"BQuvNNV+Hw8QcF89ir3nONR7nZLyyaJMO34hhJ97CIEJ":{"chainKey":{"counter":0,"key":"kRwBP9e4THPsIyoTCV63EwL3MmPceGAAxIyDFUpos3c="},"chainType":1,"messageKeys":{}}},"pendingPreKey":{"signedKeyId":9,"baseKey":"BfI4pGe+c4sHgqkI6FuA4gB2htaN7ftlR5aJnv5oUD4C","preKeyId":864707}}},"version":"v1"}