{"_sessions":{"BY9hCD3fq70Fmq0sTIf2523xvcQb2Y1E4DVWeGqJDDsm":{"registrationId":205,"currentRatchet":{"ephemeralKeyPair":{"pubKey":"BbAFZlaMiCr31lUbS0OZZEBF5i40MQN2zMVtLlnrXukn","privKey":"YPyXcagQac3qhQ2+FncvvMi+Z2cA8qdImZgNKftlVEE="},"lastRemoteEphemeralKey":"BU0Dbd96GQQa5dpKRwGFAbdX2RUNS3+DLZKz/sed14Yk","previousCounter":0,"rootKey":"/18pHBYfMYvUB5kQp9WeBAQHfupDvi9BuavK68raSro="},"indexInfo":{"baseKey":"BY9hCD3fq70Fmq0sTIf2523xvcQb2Y1E4DVWeGqJDDsm","baseKeyType":1,"closed":-1,"used":1754619932559,"created":1754619932559,"remoteIdentityKey":"BQM/hsZZZ2fsoO0HsQnJincvsV+zyv093zXm+qypWioC"},"_chains":{"BbAFZlaMiCr31lUbS0OZZEBF5i40MQN2zMVtLlnrXukn":{"chainKey":{"counter":0,"key":"6bu3cFiKiW7yYlMZCj7aoOzLjTSgi4nwHdM2+cdfJXI="},"chainType":1,"messageKeys":{}}},"pendingPreKey":{"signedKeyId":1,"baseKey":"BY9hCD3fq70Fmq0sTIf2523xvcQb2Y1E4DVWeGqJDDsm"}}},"version":"v1"}