{"_sessions":{"BQ5O9onb30e6GOyaSmPyzBM4Horsyo1VikJ0q+X9Ghty":{"registrationId":12,"currentRatchet":{"ephemeralKeyPair":{"pubKey":"Bcd9d7OkZiw5vBpbWlmxBMXG8HswUXf0H7Kv9BYVg9VK","privKey":"wMKoG5jZYZfAK3v7YD8MydGRacZ4wMykPxgN3zQL5FE="},"lastRemoteEphemeralKey":"BQcGnJdZCX9Fk9VGnoOsCtGj/+1mpDEQ7OzT3o87v8dI","previousCounter":0,"rootKey":"xwRP+0l/H23RfuHkm3/aiyXHDF2kTkgoEu8qzr5nVfs="},"indexInfo":{"baseKey":"BQ5O9onb30e6GOyaSmPyzBM4Horsyo1VikJ0q+X9Ghty","baseKeyType":1,"closed":-1,"used":1754619932541,"created":1754619932541,"remoteIdentityKey":"BamyeS6E9V0WyCeu2vLQrLouBLkgBrff7/ElnKIlDPlt"},"_chains":{"Bcd9d7OkZiw5vBpbWlmxBMXG8HswUXf0H7Kv9BYVg9VK":{"chainKey":{"counter":0,"key":"sagmWwzPJj7A0v4eAf+aIsCRsfpUd9brcB4lmR9SeGM="},"chainType":1,"messageKeys":{}}},"pendingPreKey":{"signedKeyId":1,"baseKey":"BQ5O9onb30e6GOyaSmPyzBM4Horsyo1VikJ0q+X9Ghty"}}},"version":"v1"}