{"_sessions":{"BZHXSzQr0CDVPVfylNEDSnCFruOI9ZSqJd2jQmTYPl8C":{"registrationId":95172235,"currentRatchet":{"ephemeralKeyPair":{"pubKey":"BfizVuwBw+zTkZgccn9E2irdj83UhuTn3iTJIwl7njcT","privKey":"sLFerVKU1OPhULhSI69zx7w+zO0hvz0laqJ4N/200kc="},"lastRemoteEphemeralKey":"BW2AgVmCMQJP6WjXWNm6mjBXosa0oTrH35bbibPnds1a","previousCounter":0,"rootKey":"VpXf6Pc3B3u5yvNfD1uFDWFZb9iBNXPF9bgqFEaua84="},"indexInfo":{"baseKey":"BZHXSzQr0CDVPVfylNEDSnCFruOI9ZSqJd2jQmTYPl8C","baseKeyType":1,"closed":-1,"used":1754617209653,"created":1754617209653,"remoteIdentityKey":"BSTHXbtc9+jsDhq+cLQ+//JxfTbH7XE9p09cPGwbi5M5"},"_chains":{"BfizVuwBw+zTkZgccn9E2irdj83UhuTn3iTJIwl7njcT":{"chainKey":{"counter":0,"key":"7caf1+/buKrx8H5gWXFv5RD/kLK4Goh2QsRMKQkdMdY="},"chainType":1,"messageKeys":{}}},"pendingPreKey":{"signedKeyId":1,"baseKey":"BZHXSzQr0CDVPVfylNEDSnCFruOI9ZSqJd2jQmTYPl8C","preKeyId":2946769}}},"version":"v1"}