{"_sessions":{"BaO755lp7wn+BbbFtQJ2+J92uF0BbX1QqlLX8Jr4HX8P":{"registrationId":495277748,"currentRatchet":{"ephemeralKeyPair":{"pubKey":"BdZdIishensxWMBxS3e/jFBvy1tJo4YgJBYc405eR0Ro","privKey":"4FLBgp6Lo/3D5Q4+PwWNGq383j/9LwfWbBRZZu3ytUY="},"lastRemoteEphemeralKey":"Bev5fsSsEznlz966VMuoOpoaE8RNKyO8b+21vhRRB4wt","previousCounter":0,"rootKey":"y+cJtqyFZYFMq2Wq6hhNEseFqf+IiJQTvh1o8ETZii4="},"indexInfo":{"baseKey":"BaO755lp7wn+BbbFtQJ2+J92uF0BbX1QqlLX8Jr4HX8P","baseKeyType":2,"closed":-1,"used":1754616695576,"created":1754616695576,"remoteIdentityKey":"BT6kTi65FzoLwHC3MzWuMNJX5K7iJnR9W6DlVa8dGZp5"},"_chains":{"Bev5fsSsEznlz966VMuoOpoaE8RNKyO8b+21vhRRB4wt":{"chainKey":{"counter":0,"key":"CgoinMemeyUV2P/mF/aH9EHi2BjQRkkS1a58Q0IG/GM="},"chainType":2,"messageKeys":{}},"BdZdIishensxWMBxS3e/jFBvy1tJo4YgJBYc405eR0Ro":{"chainKey":{"counter":2,"key":"gMPC1K089FJsk8UqftfRZ50kDTN6vs+Ce2byU5k3SlU="},"chainType":1,"messageKeys":{}}}}},"version":"v1"}