{"_sessions":{"BTap28GSAR2uGGc8ONwrAtJhWD36Ry3tiPi9VZ6Hiix+":{"registrationId":567464577,"currentRatchet":{"ephemeralKeyPair":{"pubKey":"BbY7MM97LRoPNZQtjKyIAbfTHEFBkX5Kpczdn2zP6tFk","privKey":"0Bx5btr8qAG26Ha3iNbGzEZBltVTJc4EfPnG891Pb2Y="},"lastRemoteEphemeralKey":"BZq7mnoU7DSdzc6WYZQEcff5oMJ+qan5BtTrV3OBs/Yo","previousCounter":0,"rootKey":"jcQHezzPqgMNufucD9jK+nsKJe8yDWm7IrY+YSM4J2g="},"indexInfo":{"baseKey":"BTap28GSAR2uGGc8ONwrAtJhWD36Ry3tiPi9VZ6Hiix+","baseKeyType":1,"closed":-1,"used":1754619932349,"created":1754619932349,"remoteIdentityKey":"BZ9m7RZ+Z5LBo6su86lXfZdJSqinIaN9QukCTqCodjM7"},"_chains":{"BbY7MM97LRoPNZQtjKyIAbfTHEFBkX5Kpczdn2zP6tFk":{"chainKey":{"counter":0,"key":"AmLLrlY9ECDOXnf6Z4/Q+eNXWf9bUi7dPRiyUuxJizo="},"chainType":1,"messageKeys":{}}},"pendingPreKey":{"signedKeyId":0,"baseKey":"BTap28GSAR2uGGc8ONwrAtJhWD36Ry3tiPi9VZ6Hiix+","preKeyId":4683146}}},"version":"v1"}