{"_sessions":{"BRK+8TpYKg3ZE6zWVl8i+nPQ4EBz1nkCE+QmH9M3RjkR":{"registrationId":636278790,"currentRatchet":{"ephemeralKeyPair":{"pubKey":"BXWOmrVn+PnFCNt8HQlaOS0+vY5cD2xf5XB1qzUEux81","privKey":"WMydbXkoXZR8vg/8FDmteu2gY5tnZvKVXwZomZaJXWU="},"lastRemoteEphemeralKey":"Ba9oobpok3TGicsDMR0qZ1tVHq9BsUg7KNrpQ3H2P1Ed","previousCounter":0,"rootKey":"jYGHWaeXdxfofleyHsuVxJ9/0DTH869WwD8+wEyvOps="},"indexInfo":{"baseKey":"BRK+8TpYKg3ZE6zWVl8i+nPQ4EBz1nkCE+QmH9M3RjkR","baseKeyType":1,"closed":-1,"used":1754617209697,"created":1754617209697,"remoteIdentityKey":"BdfzNHENehBd2tsgnTYPLf3t5Libsdq03DMAvTgmrS4T"},"_chains":{"BXWOmrVn+PnFCNt8HQlaOS0+vY5cD2xf5XB1qzUEux81":{"chainKey":{"counter":0,"key":"ZxDA1kuKUOV+3Z5E9PTDnogQkusLNcxy46T9Uos9i+0="},"chainType":1,"messageKeys":{}}},"pendingPreKey":{"signedKeyId":0,"baseKey":"BRK+8TpYKg3ZE6zWVl8i+nPQ4EBz1nkCE+QmH9M3RjkR","preKeyId":8447265}}},"version":"v1"}