{"_sessions":{"BfPoTnlZ5JMsgWvJSmw0WHqjRBfs/3dE1bS+seDHi/In":{"registrationId":1676611969,"currentRatchet":{"ephemeralKeyPair":{"pubKey":"BQorwFl2C6zOw2z6Afe5V2890axHLzLrQIjuB4gAba54","privKey":"SOPxriVXljvsSLFVy+GIvCDe/TKrGTzOhdn6kf/fB20="},"lastRemoteEphemeralKey":"BYj6buw6I57069KsyNPOXg6GDb77vzeLBRClA0XqE04U","previousCounter":0,"rootKey":"9aXa998sx7owyCmKXQot24Tl6g1sT+uvh1uENCn3vMM="},"indexInfo":{"baseKey":"BfPoTnlZ5JMsgWvJSmw0WHqjRBfs/3dE1bS+seDHi/In","baseKeyType":1,"closed":-1,"used":1754617209703,"created":1754617209703,"remoteIdentityKey":"Bch+eZMaC8I1L3W7V6uZcyYcO15IPFakRXQef9fAlIZJ"},"_chains":{"BQorwFl2C6zOw2z6Afe5V2890axHLzLrQIjuB4gAba54":{"chainKey":{"counter":0,"key":"gsUiFqVXcIawL/gBN7K6Dwam6nTEzK0NpwqtQUSS49w="},"chainType":1,"messageKeys":{}}},"pendingPreKey":{"signedKeyId":2,"baseKey":"BfPoTnlZ5JMsgWvJSmw0WHqjRBfs/3dE1bS+seDHi/In","preKeyId":2559309}}},"version":"v1"}