{"_sessions":{"BbaFTJgldJh5eVqkLDhclIryMyHUE4mKp/j18gyOaXd8":{"registrationId":706013480,"currentRatchet":{"ephemeralKeyPair":{"pubKey":"BZA3AfUSt1aF5Mbb9TAXAH7u7a8o2k+2iCjMXPLHozoS","privKey":"GE0dhkW7pX1AyPzfefZbI4rNww0/7Gg5akPncCn33WY="},"lastRemoteEphemeralKey":"BYbW2AhA2kCYW+/RhTKondF6kid71eAZVxhUglJnRXE8","previousCounter":0,"rootKey":"+XgWNK2WJfETMkqWRV4sXDMbTq5HzboMnOchVJAyJM0="},"indexInfo":{"baseKey":"BbaFTJgldJh5eVqkLDhclIryMyHUE4mKp/j18gyOaXd8","baseKeyType":1,"closed":-1,"used":1754619932364,"created":1754619932364,"remoteIdentityKey":"BaYHqEvGe57vgE9NGv8izVPdm5n044Cszp76GNxwL74r"},"_chains":{"BZA3AfUSt1aF5Mbb9TAXAH7u7a8o2k+2iCjMXPLHozoS":{"chainKey":{"counter":0,"key":"V2kPYERuIgTe90jVBanQGi835Plx2OAxrJPzQfsxe1w="},"chainType":1,"messageKeys":{}}},"pendingPreKey":{"signedKeyId":1,"baseKey":"BbaFTJgldJh5eVqkLDhclIryMyHUE4mKp/j18gyOaXd8","preKeyId":7011036}}},"version":"v1"}