{"_sessions":{"BU6VHrEsrG5Q0YWdxiMULwKEKU8O9WdDu9OHcEpgbeo9":{"registrationId":902606240,"currentRatchet":{"ephemeralKeyPair":{"pubKey":"BdGGZaP9B0tH370lK4etkj7cxk3Sve2Ma9ikwu2mWhcD","privKey":"mNHhJGfn1xvfLfoZmeM8WA7xQVHecMS6TthtIa6ac3U="},"lastRemoteEphemeralKey":"BfuCWf3F6ksSJNdjGPZI2N4GVVBK4igO1uf6hABnmyV4","previousCounter":0,"rootKey":"c9Z1EvRroHWYEMTk9DTCyepu37UJE/ky9dmZ+ja+XEE="},"indexInfo":{"baseKey":"BU6VHrEsrG5Q0YWdxiMULwKEKU8O9WdDu9OHcEpgbeo9","baseKeyType":1,"closed":-1,"used":1754619932438,"created":1754619932438,"remoteIdentityKey":"BW6usEbsawQUX/t+kpxGsc9gbdntU/PKWRtc20sUHgQm"},"_chains":{"BdGGZaP9B0tH370lK4etkj7cxk3Sve2Ma9ikwu2mWhcD":{"chainKey":{"counter":0,"key":"WLJufdixwWQpwyH+i58DQwTdIX86GkuGaEVjjJC/dTs="},"chainType":1,"messageKeys":{}}},"pendingPreKey":{"signedKeyId":3,"baseKey":"BU6VHrEsrG5Q0YWdxiMULwKEKU8O9WdDu9OHcEpgbeo9","preKeyId":15920610}}},"version":"v1"}