{"_sessions":{"BWosK67ytXjfgG0qQtoLmrBcP02dBe6lSVBRM0nmT1kq":{"registrationId":51,"currentRatchet":{"ephemeralKeyPair":{"pubKey":"BR3slJ88c/cC+dKnyTVzFtpKz6Q5g0uYmzsYE6JNIVAC","privKey":"cLAQwlChUA7y96iVvRSjHOPN0UYVhJIOb+xkBnEmFlU="},"lastRemoteEphemeralKey":"BQOqdSSyWGwWgPTQRGpoI3tE4c97f2N9AIqYDXMxmwdt","previousCounter":0,"rootKey":"TUNFWGDM2r7Vaia7GZltqs+vOn3nT2wLxoKYP9fo1co="},"indexInfo":{"baseKey":"BWosK67ytXjfgG0qQtoLmrBcP02dBe6lSVBRM0nmT1kq","baseKeyType":1,"closed":-1,"used":1754619932505,"created":1754619932505,"remoteIdentityKey":"BT0wlyX7n/7ROykn4r6/LooZ4v01G0PQD9vv4e47Bl1d"},"_chains":{"BR3slJ88c/cC+dKnyTVzFtpKz6Q5g0uYmzsYE6JNIVAC":{"chainKey":{"counter":0,"key":"/fez8kxhX81EjGotkdT00GO1mPlY+Zs1IUPV9f+0ucc="},"chainType":1,"messageKeys":{}}},"pendingPreKey":{"signedKeyId":1,"baseKey":"BWosK67ytXjfgG0qQtoLmrBcP02dBe6lSVBRM0nmT1kq"}}},"version":"v1"}