{"_sessions":{"BQuswWFRz4QB5wDLp60T6FWlUyAcNe7G8mleksJvaacD":{"registrationId":50,"currentRatchet":{"ephemeralKeyPair":{"pubKey":"Bfcf7n8I908IM8bxvkSehH68fdkm/oafzhGwX+4IlOlD","privKey":"sA5YfXTQGWm+IEvWU2Bs0V0gnBnzdz3CmHCfvspH1Wc="},"lastRemoteEphemeralKey":"BZflfGYEHC3d5qqB29d6Lbjp9R0y7wzzYJQgucgRspMl","previousCounter":0,"rootKey":"WP9aI6vQCx87HidHQfMSy+Ldan8Pr4kxVBjPUXGx13o="},"indexInfo":{"baseKey":"BQuswWFRz4QB5wDLp60T6FWlUyAcNe7G8mleksJvaacD","baseKeyType":1,"closed":-1,"used":1754619932493,"created":1754619932493,"remoteIdentityKey":"BXbZ4yWYGq5DfHocx76uERMf8aUpbkWFmCmTmI78DYRK"},"_chains":{"Bfcf7n8I908IM8bxvkSehH68fdkm/oafzhGwX+4IlOlD":{"chainKey":{"counter":0,"key":"Xy7Ogg8VJ1ME1kUD7wWNxHVZzW2bMI0ORqTIyFlWEaU="},"chainType":1,"messageKeys":{}}},"pendingPreKey":{"signedKeyId":1,"baseKey":"BQuswWFRz4QB5wDLp60T6FWlUyAcNe7G8mleksJvaacD","preKeyId":2140}}},"version":"v1"}