{"_sessions":{"BaM6q/VQB2SOTrj6jvFUsNMCeRWcqXDOcZ7KBlRCij4W":{"registrationId":662614851,"currentRatchet":{"ephemeralKeyPair":{"pubKey":"BRaAj/UN/4Uov/LRmTNttMk2Vgx6zD1g/uXau4yJFspm","privKey":"KHw+hY34f+y3LuyEsGGC6vRNKgx3AAvd9v+z2F6Z4kk="},"lastRemoteEphemeralKey":"BS6gB8nHJVXHLm2aIU2CFelNU1T71JdDOHfTH6ExtwEK","previousCounter":0,"rootKey":"SxqGjfscjh5mvHsHBvPKCEyBZ/KHNMlCVTk5Gpob03M="},"indexInfo":{"baseKey":"BaM6q/VQB2SOTrj6jvFUsNMCeRWcqXDOcZ7KBlRCij4W","baseKeyType":1,"closed":-1,"used":1754619932468,"created":1754619932468,"remoteIdentityKey":"BfdMVYmLW+p4sLQIMbZfiuWttIgCk4nuo5/8eopH2QUx"},"_chains":{"BRaAj/UN/4Uov/LRmTNttMk2Vgx6zD1g/uXau4yJFspm":{"chainKey":{"counter":0,"key":"1Rx7Y6+NGaOAuWh/thIuPYGN6IuD16py6alc7I8WyHQ="},"chainType":1,"messageKeys":{}}},"pendingPreKey":{"signedKeyId":2,"baseKey":"BaM6q/VQB2SOTrj6jvFUsNMCeRWcqXDOcZ7KBlRCij4W","preKeyId":10714268}}},"version":"v1"}