{"_sessions":{"BaLKLH7L8XW3XUlnFYlEyjcnUb/EqFSmLAkW0pcCCdFr":{"registrationId":1328861758,"currentRatchet":{"ephemeralKeyPair":{"pubKey":"BW0/ydhgpCGCZwQEgCDJuIC3z8Ff7ZTx3WSaaE2AwUZk","privKey":"GO7onC9t7ue7nAFdanRhsIOBCyhwIdUA2R5+P9SfMnA="},"lastRemoteEphemeralKey":"BfqPJ0wiPtfuqVTpqVrmXw8OZdW/ObjdoVNCDCPhkMpB","previousCounter":0,"rootKey":"boAEed910fBa08S2KIEn44YKeQ3LMbJsnkCzwU8ZBfw="},"indexInfo":{"baseKey":"BaLKLH7L8XW3XUlnFYlEyjcnUb/EqFSmLAkW0pcCCdFr","baseKeyType":1,"closed":-1,"used":1754617209683,"created":1754617209683,"remoteIdentityKey":"BSyiomQ99jc3ACLE/MWmZJC5P1upmQ6RJOFueqaE3s4/"},"_chains":{"BW0/ydhgpCGCZwQEgCDJuIC3z8Ff7ZTx3WSaaE2AwUZk":{"chainKey":{"counter":0,"key":"xuJkHBhEO8NTOLGsTkOGHNoKmU7QpHElOb2wVAyfiMg="},"chainType":1,"messageKeys":{}}},"pendingPreKey":{"signedKeyId":16,"baseKey":"BaLKLH7L8XW3XUlnFYlEyjcnUb/EqFSmLAkW0pcCCdFr","preKeyId":1752728}}},"version":"v1"}