{"_sessions":{"BcA8yRjiacf3YFLzfSZfQU8XK6T7dCW1suczzoHUdqte":{"registrationId":1693347698,"currentRatchet":{"ephemeralKeyPair":{"pubKey":"BWfbGPLv6Lxp/HvS+n3nDOh2LwwU9jJXtbTSIN3LpfIE","privKey":"2KUCr6mDxe6f3UBA+hNvSeLfS6EHjtDRsauhlFbrBnI="},"lastRemoteEphemeralKey":"BWgbILFDOoLS9qFCGoeoUYOcUeOcGDqA+cwXa6+EA0cx","previousCounter":0,"rootKey":"Ap5v925aBeJwMEUaMfB+jZi49aeI4AEOIvTHgXfIFB8="},"indexInfo":{"baseKey":"BcA8yRjiacf3YFLzfSZfQU8XK6T7dCW1suczzoHUdqte","baseKeyType":1,"closed":-1,"used":1754617209892,"created":1754617209892,"remoteIdentityKey":"BeJ7x9NWU1frqvMIvb7Ejc+3cVB5JnGQ0cl8UcTzx+ka"},"_chains":{"BWfbGPLv6Lxp/HvS+n3nDOh2LwwU9jJXtbTSIN3LpfIE":{"chainKey":{"counter":0,"key":"LXJk0bCAyu6YBm/HqxzBdsiwVQvhucQ9V9IU98rKGgQ="},"chainType":1,"messageKeys":{}}},"pendingPreKey":{"signedKeyId":0,"baseKey":"BcA8yRjiacf3YFLzfSZfQU8XK6T7dCW1suczzoHUdqte","preKeyId":10664960}}},"version":"v1"}