{"_sessions":{"BZ76eQtriFSgw6UhSkHPltf7nqKRA0FyrEIp/PzHJaVW":{"registrationId":137,"currentRatchet":{"ephemeralKeyPair":{"pubKey":"BQ6Wv9tl3RJb3FDGT9OYSBgnmc+Z9VUQlBGIvlg8PgkV","privKey":"+DJBrbf9fvieiuq+YDof0G2+jjqyqBkwpDlWI8UbbWo="},"lastRemoteEphemeralKey":"BdX0j3YZu1ZWCtZVJWhEvlu7+vG5mRyKtT9mHVQl8A0u","previousCounter":0,"rootKey":"YwwXL4rd1GWNv04Qp/9g50pB6i5VlKrl2WkkaOjZav0="},"indexInfo":{"baseKey":"BZ76eQtriFSgw6UhSkHPltf7nqKRA0FyrEIp/PzHJaVW","baseKeyType":1,"closed":-1,"used":1754619932549,"created":1754619932549,"remoteIdentityKey":"BYiFFuLPYhLZDiGpUeoHxYUY99mYk8M6v6lnJ0jNSeMi"},"_chains":{"BQ6Wv9tl3RJb3FDGT9OYSBgnmc+Z9VUQlBGIvlg8PgkV":{"chainKey":{"counter":0,"key":"N9phsYXr+YM32UVepiSggjvK1QUsc87T/q6BLiKghPE="},"chainType":1,"messageKeys":{}}},"pendingPreKey":{"signedKeyId":1,"baseKey":"BZ76eQtriFSgw6UhSkHPltf7nqKRA0FyrEIp/PzHJaVW"}}},"version":"v1"}