{"_sessions":{"BfxLdx8bcXbtbcDYiH5JNafdlLuBqPM460FrISQSCSx9":{"registrationId":2,"currentRatchet":{"ephemeralKeyPair":{"pubKey":"BanOmQhZqTXzP1pULRLFKquurGL66TYnm1++5f42lkFA","privKey":"OMyMVrhGKAxjbBQ7qlm8e8O2Wx6GWOeW2AKCM7D4mUA="},"lastRemoteEphemeralKey":"BdMnwFKgGQJzVe63a5bFAEtKVyP/hSsvLnxgMr5vHMwE","previousCounter":0,"rootKey":"PfGQqGEuGVaSajb95wMgX+2AmYoBRoaF67aBDATBZnw="},"indexInfo":{"baseKey":"BfxLdx8bcXbtbcDYiH5JNafdlLuBqPM460FrISQSCSx9","baseKeyType":1,"closed":-1,"used":1754617209834,"created":1754617209834,"remoteIdentityKey":"BQpvXepZQ6RuMTjEFI3UiYQr/VdudoPIed3AvSIlAA9/"},"_chains":{"BanOmQhZqTXzP1pULRLFKquurGL66TYnm1++5f42lkFA":{"chainKey":{"counter":0,"key":"NgDlEoAxaJjCAt9Uy+LL5dZUh7LhGInjU3Lg0dN2BAA="},"chainType":1,"messageKeys":{}}},"pendingPreKey":{"signedKeyId":1,"baseKey":"BfxLdx8bcXbtbcDYiH5JNafdlLuBqPM460FrISQSCSx9","preKeyId":777}}},"version":"v1"}