{"_sessions":{"BawqCyeG5YtLY+OOLIWS69YFDfg/Mf1DyObZDKKknI81":{"registrationId":165,"currentRatchet":{"ephemeralKeyPair":{"pubKey":"BTzfW3flpa3mrIr97A0tYQwYVVQF3EruJCVYID4WQkUY","privKey":"aFem+rXEAJ+uSr+RgMgAxDxjoOfBPZ6ttA11TR4VnW4="},"lastRemoteEphemeralKey":"BZP5IwpB6Gl34RDj1N6i5m60KRBBEpmVvdRyyyrun4Me","previousCounter":0,"rootKey":"5x/tZez1jpZjRkTkUArDYO5gKKxFOWA4uZ3+dyxyMRs="},"indexInfo":{"baseKey":"BawqCyeG5YtLY+OOLIWS69YFDfg/Mf1DyObZDKKknI81","baseKeyType":1,"closed":-1,"used":1754619932535,"created":1754619932535,"remoteIdentityKey":"BTtWhg4rpbM5dsJE0WxAtF+Kd0C0qquoZQRt5uIIc2Ic"},"_chains":{"BTzfW3flpa3mrIr97A0tYQwYVVQF3EruJCVYID4WQkUY":{"chainKey":{"counter":0,"key":"UfnPtKwe8uvJ4xTUg1jGhktMRLLZKKGOFbpt6hTt3vE="},"chainType":1,"messageKeys":{}}},"pendingPreKey":{"signedKeyId":1,"baseKey":"BawqCyeG5YtLY+OOLIWS69YFDfg/Mf1DyObZDKKknI81"}}},"version":"v1"}