{"_sessions":{"Bf6Se87GaNhDyZNRt3Tp8IjDmzRF7/5gFF8FOY6IrWV1":{"registrationId":82,"currentRatchet":{"ephemeralKeyPair":{"pubKey":"BewGkJ07wyjJMUNvWtvMpJMrUxNhqsB1aIaEBsLZZnxb","privKey":"MKlmGobwjLrzsDmXyleq+alF284kK92iMWz985oe330="},"lastRemoteEphemeralKey":"BeUt2180TghGc3RLpf6ehCinyupIrtR+Wh7YpKNxBo1d","previousCounter":0,"rootKey":"UfUTX7Pu2UNbvx2NVOI3m0+oNhzA/czSc8pImb005SM="},"indexInfo":{"baseKey":"Bf6Se87GaNhDyZNRt3Tp8IjDmzRF7/5gFF8FOY6IrWV1","baseKeyType":1,"closed":-1,"used":1754617209867,"created":1754617209867,"remoteIdentityKey":"BYGS2VMLKteJtToUQOi+k+L7JBxjctt3LXhJcpl4Kk9k"},"_chains":{"BewGkJ07wyjJMUNvWtvMpJMrUxNhqsB1aIaEBsLZZnxb":{"chainKey":{"counter":0,"key":"9Iej2/rRcH1pUulmmyFRBbKbaqD9cMVYarwBHm5wo00="},"chainType":1,"messageKeys":{}}},"pendingPreKey":{"signedKeyId":1,"baseKey":"Bf6Se87GaNhDyZNRt3Tp8IjDmzRF7/5gFF8FOY6IrWV1"}}},"version":"v1"}