{"_sessions":{"BWHjMagTK9QtCDT+02TNQhapVa7w0ntFLABVSJMIh15E":{"registrationId":2055331773,"currentRatchet":{"ephemeralKeyPair":{"pubKey":"BTQ7odWKaUAy9IoBkv3zn+alY6Nc5EwWjzUf63wDankh","privKey":"eFvzQImSq/PsIMeHc4XHbCepGtcW2H5ZyyHHLn8QSkQ="},"lastRemoteEphemeralKey":"BUpFloJWsbTw83XyqtWt14+GgrfaVKQr/rRDn+C0FGAx","previousCounter":0,"rootKey":"nG9Z5/ls4SC4h7fBKQky9YwA4d8UF/Ln6APo6rR+uHU="},"indexInfo":{"baseKey":"BWHjMagTK9QtCDT+02TNQhapVa7w0ntFLABVSJMIh15E","baseKeyType":1,"closed":-1,"used":1754619932359,"created":1754619932359,"remoteIdentityKey":"BZLcHssFyKSbolq8xV/b6pDY9p0QZ4YXydnhO3KFeWg6"},"_chains":{"BTQ7odWKaUAy9IoBkv3zn+alY6Nc5EwWjzUf63wDankh":{"chainKey":{"counter":0,"key":"iiFUgqEscTa6bZNdX1Ji9TVuCkEhlMHp2ZXKQZr+ugo="},"chainType":1,"messageKeys":{}}},"pendingPreKey":{"signedKeyId":1,"baseKey":"BWHjMagTK9QtCDT+02TNQhapVa7w0ntFLABVSJMIh15E","preKeyId":16477430}}},"version":"v1"}