{"_sessions":{"BXuUv9pvsG8vRJts1m8IXa/CSrHocxgt0BPKMNRAYbwr":{"registrationId":1138894823,"currentRatchet":{"ephemeralKeyPair":{"pubKey":"BWjSqaGfgHFHnRIB2KaOzJKIPyLAIaAZe5uNcMTQcJN4","privKey":"EJ5D1S6+lbk57/CPGZe8IR2+mtyrNxTqdpD3jlGieHk="},"lastRemoteEphemeralKey":"Bb3GW+erUYxZjhLnLnhaRFnsWEu4vsFGMG/LUBUY10ND","previousCounter":0,"rootKey":"jSFsp7OHnXZp82WCSJmEJGIC60ZtZTjMtt3WzKA6EZc="},"indexInfo":{"baseKey":"BXuUv9pvsG8vRJts1m8IXa/CSrHocxgt0BPKMNRAYbwr","baseKeyType":1,"closed":-1,"used":1754619932454,"created":1754619932454,"remoteIdentityKey":"BYqCVCr5bQ+RKuINc/zuiXyfId4tXKWtnO2aeDiwp7Mz"},"_chains":{"BWjSqaGfgHFHnRIB2KaOzJKIPyLAIaAZe5uNcMTQcJN4":{"chainKey":{"counter":0,"key":"RmmTha3CkQliqN3hQftF7RDfnVTm19DbBfbLW63MRr4="},"chainType":1,"messageKeys":{}}},"pendingPreKey":{"signedKeyId":3,"baseKey":"BXuUv9pvsG8vRJts1m8IXa/CSrHocxgt0BPKMNRAYbwr","preKeyId":11563405}}},"version":"v1"}