{"_sessions":{"Bcbfwo/bnnHdjBtrOOSDb94C7InGpU1oqMWs0sZIMtg5":{"registrationId":403661312,"currentRatchet":{"ephemeralKeyPair":{"pubKey":"BR5hRhsyufsn0WaPPD4OEvllQ8vfHmuzny3GgpAyD5US","privKey":"YIMWEPLTlDputApGqtsw8FXpRI4GHJt+lin9etgFzlk="},"lastRemoteEphemeralKey":"BQfC6AbZyaVFfiuUXazDlaBV3Jr1fTrOtB1cGZYPcDo0","previousCounter":0,"rootKey":"8sTFdvq9s60Yhm4tcn0skiIE81mws/HB/uY/9OzCmZM="},"indexInfo":{"baseKey":"Bcbfwo/bnnHdjBtrOOSDb94C7InGpU1oqMWs0sZIMtg5","baseKeyType":1,"closed":-1,"used":1754617209648,"created":1754617209648,"remoteIdentityKey":"BQRSH+l+a2sCHTeOzzP3Cno4x8z0Wo6r7ChZ3+6sNhVU"},"_chains":{"BR5hRhsyufsn0WaPPD4OEvllQ8vfHmuzny3GgpAyD5US":{"chainKey":{"counter":0,"key":"k1DkRjE+tuGrXIhvhMSajXUQy9Tc+Opkmw9v3fpCMEs="},"chainType":1,"messageKeys":{}}},"pendingPreKey":{"signedKeyId":7,"baseKey":"Bcbfwo/bnnHdjBtrOOSDb94C7InGpU1oqMWs0sZIMtg5","preKeyId":16477205}}},"version":"v1"}