{"_sessions":{"BdCyKoTmX+Pz7EwRnw/xWFgk99vN/aoqCivSjI5lmB5/":{"registrationId":254,"currentRatchet":{"ephemeralKeyPair":{"pubKey":"BZwbnUMJRBR4e3WRFTsFr52JleklVAzQSPGuliguC4Qy","privKey":"0IJWbEVgAzl6BC5AmfmX+U/SZCCE1NdFTGMTzze2q0k="},"lastRemoteEphemeralKey":"BQxjv3fFxvhMBqZ/cc+xlAMEeUcvAPhwXRhU6C664/UI","previousCounter":0,"rootKey":"CsvkhTySuxBRf7UvCFkU6mAnqMIgwhn6vD+zVA+c1fA="},"indexInfo":{"baseKey":"BdCyKoTmX+Pz7EwRnw/xWFgk99vN/aoqCivSjI5lmB5/","baseKeyType":1,"closed":-1,"used":1754619932566,"created":1754619932566,"remoteIdentityKey":"Bb0IEoJhfXwdNIvc6t8oT08Z7ptBz1Qtj9ekmFSAtD40"},"_chains":{"BZwbnUMJRBR4e3WRFTsFr52JleklVAzQSPGuliguC4Qy":{"chainKey":{"counter":0,"key":"PBLhhVgtVW10SdvD53m/dL7sNffuR5CKxtlkwzR08Fk="},"chainType":1,"messageKeys":{}}},"pendingPreKey":{"signedKeyId":1,"baseKey":"BdCyKoTmX+Pz7EwRnw/xWFgk99vN/aoqCivSjI5lmB5/"}}},"version":"v1"}