{"_sessions":{"BaIm38LNTJl4wTIdH4ZUsoF2gRSvYBAOE0KYqZem0cY6":{"registrationId":929541298,"currentRatchet":{"ephemeralKeyPair":{"pubKey":"BZBeaZdTBhR2vvFBVVoVlBkKJe9IA12exxTfqrq7CbNs","privKey":"kLhcy8J6ESyVqxxWp8KyDvnCKlWxlW6D/BcaWOO+3XI="},"lastRemoteEphemeralKey":"BV/FAEoimua5zbaR7npwCv5k7RNBMM1SOWLBP8gAxjp2","previousCounter":0,"rootKey":"bmTI4ASDvaCcgcHhtss5KnQ9DD6nzJ1IIK0/ymIG5B8="},"indexInfo":{"baseKey":"BaIm38LNTJl4wTIdH4ZUsoF2gRSvYBAOE0KYqZem0cY6","baseKeyType":1,"closed":-1,"used":1754619932380,"created":1754619932380,"remoteIdentityKey":"BQIbwhOhKn9ollc6G7cWrv30igl0FAL6cHGZBBlc/pBe"},"_chains":{"BZBeaZdTBhR2vvFBVVoVlBkKJe9IA12exxTfqrq7CbNs":{"chainKey":{"counter":0,"key":"O4jjiiYpGv9Q55R7/TM7O5DZX4VwmpEQ+Y1xusVDEjQ="},"chainType":1,"messageKeys":{}}},"pendingPreKey":{"signedKeyId":0,"baseKey":"BaIm38LNTJl4wTIdH4ZUsoF2gRSvYBAOE0KYqZem0cY6","preKeyId":4502380}}},"version":"v1"}