{"_sessions":{"Bf5gGgUWfPf9sZnJqNwDxDX4sGqKN8vjT4pW2PeVjul+":{"registrationId":868288816,"currentRatchet":{"ephemeralKeyPair":{"pubKey":"BSlqy+J742feKVz/LnCbyEJDCuc5LEuHN1nh/MUZYJov","privKey":"EJ6/JP2i7NNaQwNNFYb2Wj8vwvKXH21/jSrbhhLFPHE="},"lastRemoteEphemeralKey":"BR54UK90dvlR7q/UbxahjotVo6ONXQlHxtnIAifdHzEe","previousCounter":0,"rootKey":"UAGj0X42+QM/HEzxN0N4EhudwZIZSNPZnlyV1q+oeFE="},"indexInfo":{"baseKey":"Bf5gGgUWfPf9sZnJqNwDxDX4sGqKN8vjT4pW2PeVjul+","baseKeyType":1,"closed":-1,"used":1754617209733,"created":1754617209733,"remoteIdentityKey":"BZX4YnNnkBg65guJwm9B5+pWypv+WCKqkBF1TTvuTfBq"},"_chains":{"BSlqy+J742feKVz/LnCbyEJDCuc5LEuHN1nh/MUZYJov":{"chainKey":{"counter":0,"key":"pD7KHcBCrU2gXbecbIo7xL968q8S5RUNsZppIRYOLYg="},"chainType":1,"messageKeys":{}}},"pendingPreKey":{"signedKeyId":3,"baseKey":"Bf5gGgUWfPf9sZnJqNwDxDX4sGqKN8vjT4pW2PeVjul+","preKeyId":3430602}}},"version":"v1"}