{"_sessions":{"BQ8VZDNo+SLcyC4o2uU6DtABLAtvugOY+Qxd+v15fCRA":{"registrationId":247,"currentRatchet":{"ephemeralKeyPair":{"pubKey":"BaxquNxyDFOf6ncnGV3w/euVQmy6i5qe5jQBS4toIxIm","privKey":"0MIJX9sEgnGy3QFMOHC0MibpJ3Cjnc1Xy43dRUOQs2M="},"lastRemoteEphemeralKey":"Bbwf1K2ftzg/ZGW93zTWRlHJRyx5b8cYuNOLke26C/kl","previousCounter":0,"rootKey":"00RW+8iPMOzdSMSlLMlsn4R4JwfNAqA8Hrde6HGzpo4="},"indexInfo":{"baseKey":"BQ8VZDNo+SLcyC4o2uU6DtABLAtvugOY+Qxd+v15fCRA","baseKeyType":1,"closed":-1,"used":1754619932577,"created":1754619932577,"remoteIdentityKey":"BcFmmfRcVjkwumOQpBMQN6XrH7GXAP70rRJQFfQ3Bwtx"},"_chains":{"BaxquNxyDFOf6ncnGV3w/euVQmy6i5qe5jQBS4toIxIm":{"chainKey":{"counter":0,"key":"syxPVhSSu+uGQ7C/1KsdXXiLAQkiwVLDbJsRcQPW9CQ="},"chainType":1,"messageKeys":{}}},"pendingPreKey":{"signedKeyId":1,"baseKey":"BQ8VZDNo+SLcyC4o2uU6DtABLAtvugOY+Qxd+v15fCRA"}}},"version":"v1"}