{"_sessions":{"BT5Dr3kr/zCC0C9XTRkiO61dxXwi9kGo3IJMd12DO3t4":{"registrationId":1376571326,"currentRatchet":{"ephemeralKeyPair":{"pubKey":"BSmLB9pvMAGuIxiRv3ZuXjNMWRZEwyZ8zzUqp223FZdF","privKey":"kIJl+9RBawhRe35ycjX7aMhFCX5A1k/JAt3MIXpAh2I="},"lastRemoteEphemeralKey":"BVuyZ6TJB5y0EP9UpjISQDJrrYOs25+FpU7BlBCVTpF2","previousCounter":0,"rootKey":"iXESl9Ujn/vufm19K4xrutycuHGm8RnDtAtwDHZbHdY="},"indexInfo":{"baseKey":"BT5Dr3kr/zCC0C9XTRkiO61dxXwi9kGo3IJMd12DO3t4","baseKeyType":1,"closed":-1,"used":1754619932463,"created":1754619932463,"remoteIdentityKey":"BeIqrRx6yoKQqZi43FZKMGXRd3ufOCQ8wdtM1Z3gJz0R"},"_chains":{"BSmLB9pvMAGuIxiRv3ZuXjNMWRZEwyZ8zzUqp223FZdF":{"chainKey":{"counter":0,"key":"Dxe5pKMGxIxsgFG3iRpQLUYjn0Y4lrFQxAf9ASlb9u4="},"chainType":1,"messageKeys":{}}},"pendingPreKey":{"signedKeyId":3,"baseKey":"BT5Dr3kr/zCC0C9XTRkiO61dxXwi9kGo3IJMd12DO3t4","preKeyId":9921335}}},"version":"v1"}