{"_sessions":{"BQMMphQaA2881hiywKlmdIXflrDZi69kRtLw0w8CysFU":{"registrationId":1893732079,"currentRatchet":{"ephemeralKeyPair":{"pubKey":"BQ4dod87/KrKEODBr9k2PJe+/rVH+V66PY4cfgH/Wmgp","privKey":"YA469KQUejluqcPTAa2UpMX3XQZh8MqZPDMSP6U5oFs="},"lastRemoteEphemeralKey":"BScyMxXljDbPD5PPPH6N2bbteXnJE+VIMcN902qr/z09","previousCounter":0,"rootKey":"0SAEaT9ycfhkSc4bcAf2o9B3BrbejavwU9vYTBaESHY="},"indexInfo":{"baseKey":"BQMMphQaA2881hiywKlmdIXflrDZi69kRtLw0w8CysFU","baseKeyType":1,"closed":-1,"used":1754619932423,"created":1754619932423,"remoteIdentityKey":"BYVBe+1835uHbPXi8JXTQIYkeN6Yi4VyLpGIGFaNJ4wo"},"_chains":{"BQ4dod87/KrKEODBr9k2PJe+/rVH+V66PY4cfgH/Wmgp":{"chainKey":{"counter":0,"key":"p+53kB4YpCCPch5epu38pbeGRd1/kfKoIjd3vAG55Cc="},"chainType":1,"messageKeys":{}}},"pendingPreKey":{"signedKeyId":5,"baseKey":"BQMMphQaA2881hiywKlmdIXflrDZi69kRtLw0w8CysFU","preKeyId":9244507}}},"version":"v1"}