{"_sessions":{"BdmF1ohHPNcHiW33jDsJgI00jhlCiN0ZgMIbfQ5Brydw":{"registrationId":451754523,"currentRatchet":{"ephemeralKeyPair":{"pubKey":"BcD+H5Ng1rr3sOWntjqhLVHvoaXLvcdfP/nc7CAI5ToX","privKey":"gI1d1YU8D4M8adYqyVhjDQAXGl5cLdjaN0gQTugpgFE="},"lastRemoteEphemeralKey":"BcAML67JdL9dwMF+Yj9SNBDbXnMVuBXw0ooy+vzCeLRR","previousCounter":0,"rootKey":"3/PxzJdbbDOdO7hdON5395HOFr42gULPWPM+mOYdLIw="},"indexInfo":{"baseKey":"BdmF1ohHPNcHiW33jDsJgI00jhlCiN0ZgMIbfQ5Brydw","baseKeyType":1,"closed":-1,"used":1754617209811,"created":1754617209811,"remoteIdentityKey":"BQQIkDMtq4iMKZ+uwxbaL/lVHJC+pQLvErfu/X+lrfhh"},"_chains":{"BcD+H5Ng1rr3sOWntjqhLVHvoaXLvcdfP/nc7CAI5ToX":{"chainKey":{"counter":0,"key":"qNq8vZ3gjZIWbapDORu6bojVI2ypHEHIaVumzfmVt3o="},"chainType":1,"messageKeys":{}}},"pendingPreKey":{"signedKeyId":2,"baseKey":"BdmF1ohHPNcHiW33jDsJgI00jhlCiN0ZgMIbfQ5Brydw","preKeyId":16537786}}},"version":"v1"}