{"_sessions":{"BZ8+BXpxWESzK7x2RFTndsAA0Qod0C0WHIdRZLOkaSsl":{"registrationId":1449630373,"currentRatchet":{"ephemeralKeyPair":{"pubKey":"BaA/3gk55qVATCyvE8talob1w6PrXoNwIG43oc1Jp6lC","privKey":"AFQby9cf4Aoo3fxS79rzP5cq1HnrHTiVyTtCWg6F+FU="},"lastRemoteEphemeralKey":"BTz3V8iZu3FIQgfQGrCaRyv0gYEc+dMHHlnKlGux9XJ5","previousCounter":0,"rootKey":"0SMAtecbulvVkpmeQDnwKwuKk8iXo5JuqW0jPW4wEdQ="},"indexInfo":{"baseKey":"BZ8+BXpxWESzK7x2RFTndsAA0Qod0C0WHIdRZLOkaSsl","baseKeyType":1,"closed":-1,"used":1754617209763,"created":1754617209763,"remoteIdentityKey":"Bb1ThSC5TE9LontO+/DGuaGp6qFPkXJzi5ciRAAk8Jd1"},"_chains":{"BaA/3gk55qVATCyvE8talob1w6PrXoNwIG43oc1Jp6lC":{"chainKey":{"counter":0,"key":"5cKEadK/PgPgl1c9jRZEPhlWKPddSBAt/F3kCjHlQSQ="},"chainType":1,"messageKeys":{}}},"pendingPreKey":{"signedKeyId":0,"baseKey":"BZ8+BXpxWESzK7x2RFTndsAA0Qod0C0WHIdRZLOkaSsl","preKeyId":9447284}}},"version":"v1"}