{"_sessions":{"BXM4vIUXlA2e5ljBJu+bVbt1D5I+r9ha4WyZppuWbjJI":{"registrationId":22904958,"currentRatchet":{"ephemeralKeyPair":{"pubKey":"BZlbP0R1aoXfJIYoYfPXXuLbjPpyKUcKvy6uTdg8iSN4","privKey":"gFNLwCTANTni+V4pMCZRPFuxOGXf/qt7lNDwQtDTCHw="},"lastRemoteEphemeralKey":"BeMku2Ay8BzeRiL9uD2zA0r+hTdAI7C7DrwOrORbMN1d","previousCounter":0,"rootKey":"yVJphX7L+pc38cxiOFLVRBz71JTL40VNe8ZtjkXtIbw="},"indexInfo":{"baseKey":"BXM4vIUXlA2e5ljBJu+bVbt1D5I+r9ha4WyZppuWbjJI","baseKeyType":1,"closed":-1,"used":1754617209666,"created":1754617209666,"remoteIdentityKey":"BaGOoPkgcaeq4eTzTJL4gexqR53+dz8FGsE/SgZedEkf"},"_chains":{"BZlbP0R1aoXfJIYoYfPXXuLbjPpyKUcKvy6uTdg8iSN4":{"chainKey":{"counter":0,"key":"FR1e3F3V+WFTEHl+m9I8HBDAp3d0BbCA56qf8Of9M+E="},"chainType":1,"messageKeys":{}}},"pendingPreKey":{"signedKeyId":24,"baseKey":"BXM4vIUXlA2e5ljBJu+bVbt1D5I+r9ha4WyZppuWbjJI","preKeyId":16580596}}},"version":"v1"}