{"_sessions":{"BTFpXXaANQDpFizA9GVUuQwNewsl/A0IozbhRUIwLPFY":{"registrationId":345428516,"currentRatchet":{"ephemeralKeyPair":{"pubKey":"BYY9QRBV+RhJH0Vb38eGXu7ybhi3TQQY2bvLcLm8LSZ1","privKey":"QGiC8SgFpfxYd+WMxboziMq+L3iyO36eTh76n/jssmE="},"lastRemoteEphemeralKey":"BayWH5L0f0R7WkjsSy+Us78tJw4JEQUWnlvgCBhjjnkP","previousCounter":0,"rootKey":"tskhziDeI3aVpRaxKs/NEuw4U7ukasy03ftlVg8WgS8="},"indexInfo":{"baseKey":"BTFpXXaANQDpFizA9GVUuQwNewsl/A0IozbhRUIwLPFY","baseKeyType":1,"closed":-1,"used":1754619932344,"created":1754619932344,"remoteIdentityKey":"BfiR3dbOAn6HOyHYL+uRNCZyTh3RmVPfz2qL3PJIaqA1"},"_chains":{"BYY9QRBV+RhJH0Vb38eGXu7ybhi3TQQY2bvLcLm8LSZ1":{"chainKey":{"counter":0,"key":"gJaE6RkG8Pyr3OK1VSoIrLx6eHVMNY/RzKVjaVr3bdU="},"chainType":1,"messageKeys":{}}},"pendingPreKey":{"signedKeyId":5,"baseKey":"BTFpXXaANQDpFizA9GVUuQwNewsl/A0IozbhRUIwLPFY","preKeyId":5590894}}},"version":"v1"}