{"_sessions":{"BQG7GTVWJX0EOZRpJIkZdt+9g9kJ6mhetK+DGXNdYlt/":{"registrationId":1501641158,"currentRatchet":{"ephemeralKeyPair":{"pubKey":"BfVZZ4O3ruu3s8KD65Bz3gd2I7pFGbpdNYvLdbU/2Ada","privKey":"6ERLboC/VCQFX3dfoq14gLRob4nY0SF6opTlKmKlnl8="},"lastRemoteEphemeralKey":"BezPnaYAq+X/mLr6N3X/waMYyEBt0CehOj4fR4TQJd4j","previousCounter":0,"rootKey":"OoKgeDUyy+LxoUOemRGKGYBfFwywbRRhDetVIkqaDkE="},"indexInfo":{"baseKey":"BQG7GTVWJX0EOZRpJIkZdt+9g9kJ6mhetK+DGXNdYlt/","baseKeyType":1,"closed":-1,"used":1754619932431,"created":1754619932431,"remoteIdentityKey":"BVm4GIrap1WxFseKtefDGNCIYvufyQz/6FuS+rubI6hq"},"_chains":{"BfVZZ4O3ruu3s8KD65Bz3gd2I7pFGbpdNYvLdbU/2Ada":{"chainKey":{"counter":0,"key":"ni+q2F1Cws1cdWqOHElsbThKgoyK1qxU5IZB44gAbYI="},"chainType":1,"messageKeys":{}}},"pendingPreKey":{"signedKeyId":3,"baseKey":"BQG7GTVWJX0EOZRpJIkZdt+9g9kJ6mhetK+DGXNdYlt/"}}},"version":"v1"}